molecule_chembl_id,canonical_smiles,standard_value,bioactivity_class,MW,LogP,NumHDonors,NumHAcceptors,standard_value_norm,pIC50_values
CHEMBL221371,COc1cc(O)c2c(=O)c3c(oc2c1)C(OC)Oc1c(O)cccc1-3,700,active,342.303,2.9172,2,7,700,6.15490196
CHEMBL243168,COc1ccc(CCNC(=O)c2cccc3c(=O)c4ccc(OC)cc4[nH]c23)cc1,560,active,402.45,3.671,2,4,560,6.251811973
CHEMBL243167,COc1ccc(CCNC(=O)c2cccc3c(=O)c4ccccc4[nH]c23)cc1OC,450,active,402.45,3.671,2,4,450,6.346787486
CHEMBL397235,COc1ccc(CCNC(=O)c2cccc3c(=O)c4ccccc4[nH]c23)cc1,350,active,372.424,3.6624,2,3,350,6.455931956
CHEMBL242513,COc1cc(C(F)(F)F)cc2[nH]c3ccccc3c(=O)c12,770,active,293.244,3.7087,1,2,770,6.113509275
CHEMBL242512,COc1ccc2[nH]c3ccccc3c(=O)c2c1OC,20000,inactive,255.273,2.6985,1,3,20000,4.698970004
CHEMBL396298,COc1cc2c(cc1OC)CN(CCc1ccc(NC(=O)c3cccc4c(=O)c5cccc(OC)c5[nH]c34)cc1)CC2,410,active,563.654,5.5602,2,6,410,6.387216143
CHEMBL442464,COc1cc2c(cc1OC)CN(CCc1ccc(NC(=O)c3ccccc3[N+](=O)[O-])cc1)CC2,109647.82,inactive,461.518,4.4651,1,6,109647.82,3.959999998
CHEMBL409234,COc1cc2c(cc1OC)CN(CCc1ccc(NC(=O)c3ccc4ncccc4c3)cc1)CC2,14454.4,inactive,467.569,5.1051,1,5,14454.4,4.839999931
CHEMBL409480,COc1cc2c(cc1OC)CN(CCc1ccc(NC(=O)c3cccnc3)cc1)CC2,44668.36,inactive,417.509,3.9519,1,5,44668.36,4.349999992
CHEMBL259976,COc1cc2c(cc1OC)CN(CCc1ccc(NC(=O)c3cccc4ccccc34)cc1)CC2,12882.5,inactive,466.581,5.7101,1,4,12882.5,4.889999849
CHEMBL471170,COc1cc2c(cc1OC)CN(CCc1ccc(NC(=O)c3ccccc3)cc1)CC2,24547.09,inactive,416.521,4.5569,1,4,24547.09,4.609999985
CHEMBL261857,COc1cc2c(cc1OC)CN(CCc1ccc(NC(=O)c3ccc(Br)cc3)cc1)CC2,11481.54,inactive,495.417,5.3194,1,4,11481.54,4.939999857
CHEMBL259789,COc1cc2c(cc1OC)CN(CCc1ccc(NC(=O)c3cccc(Br)c3)cc1)CC2,22908.68,inactive,495.417,5.3194,1,4,22908.68,4.639999934
CHEMBL408709,COc1cc2c(cc1OC)CN(CCc1ccc(NC(=O)c3ccccc3Br)cc1)CC2,21877.62,inactive,495.417,5.3194,1,4,21877.62,4.659999925
CHEMBL518645,COc1cc2c(cc1OC)CN(CCc1ccc(NC(=O)C3Oc4ccccc4O3)cc1)CC2,15135.61,inactive,460.53,4.0406,1,6,15135.61,4.820000071
CHEMBL258575,COc1cc2c(cc1OC)CN(CCc1ccc(NC(=O)c3ccnc4ccccc34)cc1)CC2,36307.81,inactive,467.569,5.1051,1,5,36307.81,4.439999946
CHEMBL258574,COc1cc2c(cc1OC)CN(CCc1ccc(NC(=O)c3cc(OC)c(OC)cc3[N+](=O)[O-])cc1)CC2,64565.42,inactive,521.57,4.4823,1,8,64565.42,4.19000002
CHEMBL260896,COc1ccc(C(=O)Nc2ccc(CCN3CCc4cc(OC)c(OC)cc4C3)cc2)cc1OC,47863.01,inactive,476.573,4.5741,1,6,47863.01,4.319999993
CHEMBL258909,COc1cc2c(cc1OC)CN(CCc1ccc(NC(=O)c3cnc4ccccc4c3)cc1)CC2,23988.33,inactive,467.569,5.1051,1,5,23988.33,4.619999985
CHEMBL410897,Nc1ccc(C(=O)Nc2ccc(CCN3CCc4ccccc4C3)cc2)cc1,77624.71,inactive,371.484,4.1219,2,3,77624.71,4.110000009
CHEMBL261632,COc1cc2c(cc1OC)CN(CCc1ccc(NC(=O)c3ccc(N)cc3)cc1)CC2,263026.8,inactive,431.536,4.1391,2,5,263026.8,3.579999999
CHEMBL259077,Nc1ccccc1C(=O)Nc1ccc(CCN2CCc3ccccc3C2)cc1,74131.02,inactive,371.484,4.1219,2,3,74131.02,4.130000024
CHEMBL429515,COc1cc2c(cc1OC)CN(CCc1ccc(NC(=O)c3ccccc3N)cc1)CC2,85113.8,inactive,431.536,4.1391,2,5,85113.8,4.070000019
CHEMBL258456,O=C(Nc1ccc(CCN2CCc3ccccc3C2)cc1)c1ccccc1[N+](=O)[O-],79432.82,inactive,401.466,4.4479,1,4,79432.82,4.100000019
CHEMBL428402,O=C(Nc1ccccc1C(=O)Nc1ccc(CCN2CCc3ccccc3C2)cc1)c1cnc2ccccc2c1,1000,active,526.64,6.3402,2,4,1000,6
CHEMBL160,C/C=C/C[C@@H](C)[C@@H](O)[C@H]1C(=O)N[C@@H](CC)C(=O)N(C)CC(=O)N(C)[C@@H](CC(C)C)C(=O)N[C@@H](C(C)C)C(=O)N(C)[C@@H](CC(C)C)C(=O)N[C@@H](C)C(=O)N[C@H](C)C(=O)N(C)[C@@H](CC(C)C)C(=O)N(C)[C@@H](CC(C)C)C(=O)N(C)[C@@H](C(C)C)C(=O)N1C,63095.73,inactive,1202.635,3.269,5,12,63095.73,4.200000031
CHEMBL488910,COc1ccc2c3c([nH]c2c1)[C@H](CC(C)C)N1C(=O)[C@H](CCC(=O)OC(C)(C)C)NC(=O)[C@@H]1C3,309.03,active,469.582,3.6373,2,5,309.03,6.509999358
CHEMBL6966,COc1ccc(CCN(C)CCCC(C#N)(c2ccc(OC)c(OC)c2)C(C)C)cc1OC,524807.46,inactive,454.611,5.09308,0,6,524807.46,3.28
CHEMBL772,COC(=O)[C@H]1[C@H]2C[C@@H]3c4[nH]c5cc(OC)ccc5c4CCN3C[C@H]2C[C@@H](OC(=O)c2cc(OC)c(OC)c(OC)c2)[C@@H]1OC,26302.68,inactive,608.688,4.1711,1,10,26302.68,4.579999999
CHEMBL103,CC(=O)[C@H]1CC[C@H]2[C@@H]3CCC4=CC(=O)CC[C@]4(C)[C@H]3CC[C@]12C,125892.54,inactive,314.469,4.7235,0,2,125892.54,3.900000004
CHEMBL36506,CO[C@@H]1[C@@H](OC(N)=O)[C@@H](O)[C@H](Oc2ccc3c(O)c(NC(=O)c4ccc(O)c(CC=C(C)C)c4)c(=O)oc3c2C)OC1(C)C,66069.34,inactive,612.632,3.62712,5,11,66069.34,4.180000032
CHEMBL1484,COC(=O)C1=C(C)NC(C)=C(C(=O)OCCN(C)Cc2ccccc2)C1c1cccc([N+](=O)[O-])c1,16595.87,inactive,479.533,3.6778,1,8,16595.87,4.779999976
CHEMBL23,COc1ccc([C@@H]2Sc3ccccc3N(CCN(C)C)C(=O)[C@@H]2OC(C)=O)cc1,851138.04,inactive,414.527,3.3685,0,6,851138.04,3.069999999
CHEMBL258610,COc1cccc(CCc2ccccc2OCc2cccc(OC)c2OC)c1,120000,inactive,378.468,5.0766,0,4,120000,3.920818754
CHEMBL272836,COc1cccc(CCc2ccccc2OCc2ccc(OC)c(OC)c2)c1,150000,inactive,378.468,5.0766,0,4,150000,3.823908741
CHEMBL272036,COc1cccc(CCc2ccccc2NCc2ccc(OC)c(OC)c2)c1,500,active,377.484,5.1097,1,4,500,6.301029996
CHEMBL410316,COc1ccc2c3c([nH]c2c1)[C@H](C=C(C)C)N1C(=O)[C@@H]2CCCN2C(=O)[C@@H]1C3,11000,inactive,379.46,2.9417,1,3,11000,4.958607315
CHEMBL500094,COc1cc2c(cc1OC)CN(CCc1ccc(NC(=O)c3ccc(C)c(NC(=O)c4cnc5ccccc5c4)c3)cc1)CC2,1990,active,600.719,6.66582,2,6,1990,5.701146924
CHEMBL453516,COc1cc(NC(=O)c2cnc3ccccc3c2)cc(C(=O)Nc2ccc(CCN3CCc4cc(OC)c(OC)cc4C3)cc2)c1,977,active,616.718,6.366,2,7,977,6.010105436
CHEMBL506742,COc1cc2c(cc1OC)CN(CCc1ccc(NC(=O)c3cc(NC(=O)c4cnc5ccccc5c4)c(OC)c(OC)c3)cc1)CC2,858,active,646.744,6.3746,2,8,858,6.066512712
CHEMBL456361,COC(=O)c1ccc(C(=O)Nc2ccc(CCN3CCc4cc(OC)c(OC)cc4C3)cc2)cc1NC(=O)c1cccnc1,1015,active,594.668,4.9908,2,8,1015,5.993533958
CHEMBL501349,COC(=O)c1ccc(C(=O)Nc2ccc(CCN3CCc4cc(OC)c(OC)cc4C3)cc2)cc1NC(=O)c1cnccn1,632,active,595.656,4.3858,2,9,632,6.199282922
CHEMBL457439,COC(=O)c1ccc(C(=O)Nc2ccc(CCN3CCc4cc(OC)c(OC)cc4C3)cc2)cc1NC(=O)c1cnc(C)cn1,552,active,609.683,4.69422,2,9,552,6.258060922
CHEMBL455275,COC(=O)c1ccc(C(=O)Nc2ccc(CCN3CCc4cc(OC)c(OC)cc4C3)cc2)cc1NC(=O)c1ccc2ncccc2c1,179,active,644.728,6.144,2,8,179,6.747146969
CHEMBL506278,COC(=O)c1ccc(C(=O)Nc2ccc(CCN3CCc4cc(OC)c(OC)cc4C3)cc2)cc1NC(=O)c1cnc2ccccc2n1,183,active,645.716,5.539,2,9,183,6.73754891
CHEMBL502503,COC(=O)c1ccc(C(=O)Nc2ccc(CCN3CCc4cc(OC)c(OC)cc4C3)cc2)cc1NC(=O)c1ccc2ccccc2n1,60,active,644.728,6.144,2,8,60,7.22184875
CHEMBL453536,COC(=O)c1ccc(C(=O)Nc2ccc(CCN3CCc4cc(OC)c(OC)cc4C3)cc2)cc1NC(=O)c1cnc2ccccc2c1,119,inactive,644.728,6.144,2,8,119,6.924453039
CHEMBL474972,COc1cc2c(cc1OC)CN(CCc1ccc(NC(=O)Nc3ccc([N+](=O)[O-])cc3)cc1)CC2,3890,inactive,476.533,4.8568,2,6,3890,5.410050399
CHEMBL472819,Nc1ccccc1NC(=O)Nc1ccc(CCN2CCc3ccccc3C2)cc1,102000,inactive,386.499,4.5136,3,3,102000,3.991399828
CHEMBL472818,COc1cc2c(cc1OC)CN(CCc1ccc(NC(=O)Nc3ccccc3N)cc1)CC2,66100,inactive,446.551,4.5308,3,5,66100,4.179798541
CHEMBL474757,COc1cc2c(cc1OC)CN(CCc1ccc(NC(=O)Nc3ccc(N)cc3)cc1)CC2,74100,active,446.551,4.5308,3,5,74100,4.130181792
CHEMBL595493,COc1cc2c(cc1OC)CN(CCc1ccc(NC(=O)c3ccccc3NC(=O)c3ccc([N+](=O)[O-])cc3)cc1)CC2,690,active,580.641,5.7174,2,7,690,6.161150909
CHEMBL595550,COc1ccc(C(=O)Nc2ccccc2NC(=O)Nc2ccc(CCN3CCc4cc(OC)c(OC)cc4C3)cc2)cc1OC,6980,inactive,610.711,6.2181,3,7,6980,5.156144577
CHEMBL599353,COC(Cc1ccc(O)cc1)C(=O)N/C=C/c1ccc(O)cc1,100000,inactive,313.353,2.4424,3,4,100000,4
CHEMBL599354,CO/C(=C\c1ccc(O)cc1)C(=O)NCCc1ccc(O)cc1,25200,inactive,313.353,2.444,3,4,25200,4.598599459
CHEMBL599745,CO/C(=C\c1ccc(OC)cc1)C(=O)N/C=C/c1ccc(O)cc1,6400,inactive,325.364,3.1752,2,4,6400,5.193820026
CHEMBL598642,CO/C(=C\c1ccc(O)c(O)c1)C(=O)N/C=C/c1ccc(O)cc1,18800,inactive,327.336,2.5778,4,5,18800,4.725842151
CHEMBL605795,CO/C(=C\c1cc(Br)c(O)c(Br)c1)C(=O)N/C=C/c1ccc(O)cc1,11100,inactive,469.129,4.3972,3,4,11100,4.954677021
CHEMBL400538,CCCc1cc(=O)c2c(O)cc3cc(O)cc(OC)c3c2o1,9000,inactive,300.31,3.3185,2,5,9000,5.045757491
CHEMBL1172279,CCCc1cc(=O)c2c(OC)cc3cc(O)cc(OC)c3c2o1,5900,inactive,314.337,3.6215,1,5,5900,5.229147988
CHEMBL1172080,COc1c(O)c2c(=O)cc(C)oc2c2c(OC)cc(O)cc12,11900,inactive,302.282,2.68302,2,6,11900,4.924453039
CHEMBL256967,CCCc1cc(=O)c2c(OC)c(OC)c3cc(O)cc(OC)c3c2o1,16600,inactive,344.363,3.6301,1,6,16600,4.779891912
CHEMBL254613,COc1cc(O)c2c(c1)O[C@H](c1ccccc1)CC2=O,8900,inactive,270.284,3.1073,1,4,8900,5.050609993
CHEMBL50,O=c1c(O)c(-c2ccc(O)c(O)c2)oc2cc(O)cc(O)c12,6900,inactive,302.238,1.988,5,7,6900,5.161150909
CHEMBL165509,COc1cc2oc(-c3ccc(O)cc3)c(OC)c(=O)c2c(O)c1OC,1200,active,344.319,2.897,2,7,1200,5.920818754
CHEMBL74898,COc1cc(O)c2c(=O)c(OC)c(-c3ccc(OC)c(O)c3)oc2c1,460,active,344.319,2.897,2,7,460,6.337242168
CHEMBL76553,COc1cc2oc(-c3ccccc3)cc(=O)c2c(O)c1C,3000,inactive,282.295,3.48262,1,4,3000,5.522878745
CHEMBL1685073,COC1=C(OC)[C@]2(OC)c3c(OC)c(OC)c4c(c3O[C@@]23O[C@@H](c2ccccc2)CC=C3C1=O)[C@@H](OC)C[C@H](c1ccccc1)O4,16000,inactive,628.674,6.0206,0,10,16000,4.795880017
CHEMBL1685074,COc1c2c(c3c(c1OC)[C@@]1(OC)C4=C(C(=O)[C@H](OC)[C@@]1(OC)O3)[C@H](OC)C[C@@H](c1ccccc1)O4)[C@H](O)C[C@@H](c1ccccc1)O2,29000,inactive,646.689,4.8662,1,11,29000,4.537602002
CHEMBL44,O=c1c(-c2ccc(O)cc2)coc2cc(O)cc(O)c12,8800,inactive,270.24,2.5768,3,5,8800,5.055517328
CHEMBL1689341,CC(C)=CCc1c(O)c(CC=C(C)C)c2c(c1O)C(=O)C[C@@H](c1cc(O)cc(O)c1)O2,4100,inactive,424.493,5.2329,4,6,4100,5.387216143
CHEMBL1689342,CC(C)=CCC/C(C)=C/Cc1c(O)cc(O)c2c1O[C@H](c1cc(O)cc(O)c1)CC2=O,15500,inactive,424.493,5.4507,4,6,15500,4.809668302
CHEMBL478764,CC(C)=CCC/C(C)=C/Cc1c(O)cc2oc(-c3ccc(O)cc3)c(O)c(=O)c2c1O,5700,inactive,422.477,5.5176,4,6,5700,5.244125144
CHEMBL490697,CC(C)=CCC/C(C)=C/Cc1c(O)cc(O)c2c1O[C@H](c1ccc(O)cc1)CC2=O,12300,inactive,408.494,5.7451,3,5,12300,4.910094889
CHEMBL1689345,C/C(=C/Cc1c(-c2cc(O)c(O)cc2O)oc2c3c(cc(O)c2c1=O)OC(C)(C)C=C3)CO,6500,active,452.459,3.9477,5,8,6500,5.187086643
CHEMBL1777831,COCCOCCOCCOc1cc2c(cc1OC)CCN(CCc1ccc(NC(=O)c3ccc(C(=O)OC)c(NC(=O)c4ccc5ncccc5c4)c3)cc1)C2,508,active,776.887,6.1938,2,11,508,6.294136288
CHEMBL1779526,COCCOCCOCCOc1cc2c(cc1OC)CCN(CCc1ccc(NC(=O)c3ccc(C(=O)OC)c(NC(=O)c4ccc5ccccc5n4)c3)cc1)C2,130,inactive,776.887,6.1938,2,11,130,6.886056648
CHEMBL389328,COc1ccc(/C=C/C(=O)c2ccccc2O)cc1OC,5070,inactive,284.311,3.3055,1,4,5070,5.294992041
CHEMBL139679,O=C(/C=C/c1ccc(Cl)cc1)c1ccc(O)cc1O,6070,inactive,274.703,3.6473,2,3,6070,5.216811309
CHEMBL405022,COc1ccc(C(=O)/C=C/c2ccccc2Cl)c(O)c1,6850,inactive,288.73,3.9503,1,3,6850,5.164309429
CHEMBL243829,COc1ccc(/C=C/C(=O)c2c(O)cc(OC)cc2OC)cc1,5830,active,314.337,3.3141,1,5,5830,5.234331445
CHEMBL595816,COc1ccc(/C=C/C(=O)c2ccc(OC)c(OC)c2)cc1OC,3280,inactive,328.364,3.6171,0,5,3280,5.484126156
CHEMBL1935208,COc1ccc(C(=O)/C=C/c2ccc(Cl)cc2)cc1OC,2720,inactive,302.757,4.2533,0,3,2720,5.565431096
CHEMBL1935209,O=C(/C=C/c1ccccc1)c1ccc2ccccc2c1O,24320,inactive,274.319,4.4415,1,2,24320,4.614036429
CHEMBL1935210,COc1ccc(/C=C/C(=O)c2ccc3ccccc3c2O)cc1,16920,inactive,304.345,4.4501,1,3,16920,4.771599641
CHEMBL1935212,COc1cccc(/C=C/C(=O)c2ccc3ccccc3c2O)c1,11890,inactive,304.345,4.4501,1,3,11890,4.924818145
CHEMBL1935211,COc1ccc(/C=C/C(=O)c2ccc3ccccc3c2O)cc1OC,1950,active,334.371,4.4587,1,4,1950,5.709965389
CHEMBL2011282,COc1ccc(CCNC(=O)c2cc(=O)c3c(OCc4ccccc4)cccc3o2)cc1OC,170,active,459.498,4.3617,1,6,170,6.769551079
CHEMBL2011286,COc1ccc(CCNC(=O)c2cc(=O)c3c(OCCc4ccc(OC)c(OC)c4)cccc3o2)cc1OC,470,active,533.577,4.4214,1,8,470,6.327902142
CHEMBL2011287,COc1ccc2[nH]cc(CCNC(=O)c3cc(=O)c4c(OCc5ccccc5)cccc4o3)c2c1,180,active,468.509,4.8344,2,5,180,6.744727495
CHEMBL2011288,COc1ccc2[nH]cc(CCNC(=O)c3cc(=O)c4c(OCc5ccc(Br)cc5)cccc4o3)c2c1,110,active,547.405,5.5969,2,5,110,6.958607315
CHEMBL2011289,COc1ccc2[nH]cc(CCNC(=O)c3cc(=O)c4c(OCc5ccc(C)cc5)cccc4o3)c2c1,200,active,482.536,5.14282,2,5,200,6.698970004
CHEMBL2011290,COc1ccc2[nH]cc(CCNC(=O)c3cc(=O)c4c(OCCc5ccccc5)cccc4o3)c2c1,160,active,482.536,4.8769,2,5,160,6.795880017
CHEMBL1834565,COc1cccc(OC)c1/C=C/C(=O)c1cn(C)c2ccccc12,270,active,321.376,4.0916,0,4,270,6.568636236
CHEMBL837,CCc1c2c(nc3ccc(O)cc13)-c1cc3c(c(=O)n1C2)COC(=O)[C@]3(O)CC,176,inactive,392.411,2.3476,2,7,176,6.754487332
CHEMBL584,Cc1c(O)cccc1C(=O)N[C@@H](CSc1ccccc1)[C@H](O)CN1C[C@H]2CCCC[C@H]2C[C@H]1C(=O)NC(C)(C)C,12500,inactive,567.796,4.74762,4,6,12500,4.903089987
CHEMBL2158543,FC(F)(F)c1ccc(Nc2nc(-c3ccccc3)nc3ccccc23)cc1,1530,active,365.358,6.0592,1,3,1530,5.815308569
CHEMBL2158557,O=[N+]([O-])c1cc(Nc2nc(-c3ccccc3)nc3ccccc23)ccc1F,2460,active,360.348,5.0877,1,5,2460,5.609064893
CHEMBL2158555,O=[N+]([O-])c1ccccc1Nc1nc(-c2ccccc2)nc2ccccc12,5930,active,342.358,4.9486,1,5,5930,5.226945307
CHEMBL2158552,Brc1ccc(Nc2nc(-c3ccccc3)nc3ccccc23)cc1,6830,active,376.257,5.8029,1,3,6830,5.165579296
CHEMBL2331719,COCCOCCOCCOc1cc2c(cc1OC)CN(Cc1ccc(-c3ccc(C(=O)OC)c(NC(=O)c4ccc5ccccc5n4)c3)cc1)CC2,1031,active,719.835,6.566,1,10,1031,5.986741335
CHEMBL2331717,COC(=O)c1ccc(-c2ccc(CN3CCc4cc(OC)c(OC)cc4C3)cc2)cc1NC(=O)c1ccc2ccccc2n1,943,active,587.676,6.5162,1,7,943,6.025488307
CHEMBL2331722,COCCOCCOCCOc1cc2c(cc1OCCOCCOCCOC)CN(Cc1ccc(-c3ccc(C(=O)OC)c(NC(=O)c4ccc5ccccc5n4)c3)cc1)CC2,839,active,851.994,6.6158,1,13,839,6.076238039
CHEMBL2331715,COCCOCCOCCOc1cc2c(cc1OC)CCN(CCc1ccc(-c3ccc(C(=O)OC)c(NC(=O)c4ccc5ccccc5n4)c3)cc1)C2,760,active,733.862,6.6085,1,10,760,6.119186408
CHEMBL2331726,COC(=O)c1ccc(-c2ccc(CN3CCc4ccccc4C3)cc2)cc1NC(=O)c1ccc2ncccc2c1,641,active,527.624,6.499,1,5,641,6.19314197
CHEMBL2331721,COCCOCCOCCOc1cc2c(cc1OC)CCN(Cc1ccc(-c3ccc(C(=O)OC)c(NC(=O)c4ccc5ccccc5n4)c3)cc1)C2,591,active,719.835,6.566,1,10,591,6.228412519
CHEMBL2331716,COCCOCCOCCOc1cc2c(cc1OCCOCCOCCOC)CN(CCc1ccc(-c3ccc(C(=O)OC)c(NC(=O)c4ccc5ccccc5n4)c3)cc1)CC2,544,active,866.021,6.6583,1,13,544,6.2644011
CHEMBL2331720,COCCOCCOCCOc1cc2c(cc1OC)CN(Cc1ccc(-c3ccc(C(=O)OC)c(NC(=O)c4ccc5ncccc5c4)c3)cc1)CC2,237,inactive,719.835,6.566,1,10,237,6.625251654
CHEMBL2420088,COc1cc(-c2oc3c(ccc4ccccc43)c(=O)c2O)ccc1F,22500,inactive,336.318,4.4665,1,4,22500,4.647817482
CHEMBL2420095,O=c1c(O)c(-c2ccccc2)oc2ccc3ccccc3c12,13600,inactive,288.302,4.3188,1,3,13600,4.866461092
CHEMBL2420083,COc1ccc(-c2cc(=O)c3ccc4ccccc4c3o2)cc1OC,1230,active,332.355,4.6304,0,4,1230,5.910094889
CHEMBL2420094,COc1ccc(-c2cc(=O)c3c(ccc4ccccc43)o2)cc1OC,590,active,332.355,4.6304,0,4,590,6.229147988
CHEMBL2420084,COc1cc(-c2cc(=O)c3ccc4ccccc4c3o2)ccc1F,522,active,320.319,4.7609,0,3,522,6.282329497
CHEMBL290096,Brc1cccc(Nc2ncnc3ccccc23)c1,1480,active,300.159,4.1359,1,3,1480,5.829738285
CHEMBL3092496,COc1cc2ncnc(Nc3cccc([N+](=O)[O-])c3)c2cc1OC,910,active,326.312,3.2988,1,7,910,6.040958608
CHEMBL3092493,O=[N+]([O-])c1cccc(Nc2ncnc3ccccc23)c1,890,active,266.26,3.2816,1,5,890,6.050609993
CHEMBL1999832,COc1cc2nc(Nc3cccc(Br)c3)nc(Nc3cccc(Br)c3)c2cc1OC,670,active,530.22,6.6592,2,6,670,6.173925197
CHEMBL3092484,COc1ccc(-c2nc(Nc3ccccc3[N+](=O)[O-])c3ccccc3n2)cc1OC,640,active,402.41,4.9658,1,7,640,6.193820026
CHEMBL3092498,COc1cc2nc(Nc3cccc(C(F)(F)F)c3)nc(Nc3cccc(C(F)(F)F)c3)c2cc1OC,610,active,508.422,7.1718,2,6,610,6.214670165
CHEMBL3092499,COc1cc2nc(Nc3cccc(C#N)c3)nc(Nc3cccc(C#N)c3)c2cc1OC,480,active,422.448,4.87756,2,8,480,6.318758763
CHEMBL3092483,COc1ccc(Nc2nc(-c3ccc(OC)c(OC)c3)nc3ccccc23)cc1OC,420,active,417.465,5.0748,1,7,420,6.37675071
CHEMBL3092500,COc1cc2nc(Nc3cccc([N+](=O)[O-])c3)nc(Nc3cccc([N+](=O)[O-])c3)c2cc1OC,320,active,462.422,4.9506,2,10,320,6.494850022
CHEMBL3092488,COc1ccc(-c2nc(Nc3cccc(C#N)c3)c3ccccc3n2)cc1OC,300,active,382.423,4.92928,1,6,300,6.522878745
CHEMBL3092489,COc1ccc(-c2nc(Nc3ccccc3O)c3ccccc3n2)cc1OC,290,active,373.412,4.7632,2,6,290,6.537602002
CHEMBL3092487,COc1ccc(-c2nc(Nc3cccc(C(F)(F)F)c3)c3ccccc3n2)cc1OC,240,active,425.41,6.0764,1,5,240,6.619788758
CHEMBL1360562,Oc1cccc(Nc2nc(-c3ccccc3)nc3ccccc23)c1,150,active,313.36,4.746,2,4,150,6.823908741
CHEMBL3092485,COc1ccc(-c2nc(Nc3cccc([N+](=O)[O-])c3)c3ccccc3n2)cc1OC,92,active,402.41,4.9658,1,7,92,7.036212173
CHEMBL3110301,COc1ccc2[nH]cc(CCN(C)Cc3cc(=O)c4c(OCc5ccc(Br)cc5)cccc4o3)c2c1,820,active,547.449,6.2989,1,5,820,6.086186148
CHEMBL3110296,COc1ccc2[nH]cc(CCNC(=O)c3cc(=O)c4ccc(OCc5ccc(Br)cc5)cc4o3)c2c1,10,inactive,547.405,5.5969,2,5,10,8
CHEMBL1957190,CC(C)n1c2c(c3c1-c1ccccc1C3=O)C(=O)CCC2,35000,inactive,279.339,3.7994,0,3,35000,4.455931956
CHEMBL1957191,O=C1CCCc2c1c1c(n2Cc2ccccc2)-c2ccccc2C1=O,30000,active,327.383,4.2668,0,3,30000,4.522878745
CHEMBL1957193,O=C1CCCc2c1c1c(n2CCCc2ccccc2)-c2ccccc2C1=O,790,active,355.437,4.8513,0,3,790,6.102372909
CHEMBL1957202,O=C1CC(c2ccccc2)Cc2c1c1c(n2Cc2ccccc2)-c2ccccc2C1=O,960,active,403.481,5.6605,0,3,960,6.017728767
CHEMBL3353415,O=C1CC(c2ccccc2)Cc2c1c1c(n2CCc2ccccc2)-c2ccccc2C1=O,490,active,417.508,5.8549,0,3,490,6.30980392
CHEMBL3353417,COc1cccc(CCn2c3c(c4c2-c2ccccc2C4=O)C(=O)CCC3)c1,310,active,371.436,4.4698,0,4,310,6.508638306
CHEMBL3426382,CCCc1ccc(-n2nnc(-c3ccccc3NC(=O)c3ccc([N+](=O)[O-])cc3)n2)cc1,184,active,428.452,4.4423,1,7,184,6.735182177
CHEMBL3426384,Cc1ccc(-n2nnc(-c3ccccc3NC(=O)c3ccc([N+](=O)[O-])cc3)n2)cc1,100,active,400.398,3.79822,1,7,100,7
CHEMBL3426386,COc1ccccc1-n1nnc(-c2ccccc2NC(=O)c2ccc([N+](=O)[O-])cc2)n1,261,active,416.397,3.4984,1,8,261,6.583359493
CHEMBL3426387,COc1cccc(-n2nnc(-c3ccccc3NC(=O)c3ccc([N+](=O)[O-])cc3)n2)c1,78.9,active,416.397,3.4984,1,8,78.9,7.102922997
CHEMBL3426388,COc1ccc(-n2nnc(-c3ccccc3NC(=O)c3ccc([N+](=O)[O-])cc3)n2)cc1,118,active,416.397,3.4984,1,8,118,6.928117993
CHEMBL3426391,Cc1ccc(-n2nnc(-c3ccccc3NC(=O)c3ccc(C(F)(F)F)cc3)n2)cc1,137,active,423.398,4.90882,1,5,137,6.863279433
CHEMBL3426393,COc1ccccc1-n1nnc(-c2ccccc2NC(=O)c2ccc(C(F)(F)F)cc2)n1,451,inactive,439.397,4.609,1,6,451,6.345823458
CHEMBL3426394,COc1cccc(-n2nnc(-c3ccccc3NC(=O)c3ccc(C(F)(F)F)cc3)n2)c1,11200,active,439.397,4.609,1,6,11200,4.950781977
CHEMBL3426395,COc1ccc(-n2nnc(-c3ccccc3NC(=O)c3ccc(C(F)(F)F)cc3)n2)cc1,106,active,439.397,4.609,1,6,106,6.974694135
CHEMBL3426396,COc1ccc(C(=O)Nc2ccccc2-c2nnn(-c3ccc(C(F)(F)F)cc3)n2)cc1OC,269,active,469.423,4.6176,1,7,269,6.57024772
CHEMBL3426397,CCOc1ccc(-n2nnc(-c3ccccc3NC(=O)c3ccc(OC)c(OC)c3)n2)cc1,201,active,445.479,3.9975,1,8,201,6.696803943
CHEMBL3426399,COc1ccc(C(=O)Nc2ccccc2-c2nnn(-c3ccc(C(F)(F)F)cc3)n2)cc1,73,active,439.397,4.609,1,6,73,7.13667714
CHEMBL3426401,CCCc1ccc(-n2nnc(-c3ccccc3NC(=O)c3ccc(OC)cc3)n2)cc1,64.2,active,413.481,4.5427,1,6,64.2,7.192464972
CHEMBL3426402,CCCc1ccc(C(=O)Nc2ccccc2-c2nnn(-c3ccc(OC)cc3)n2)cc1,79.4,inactive,413.481,4.5427,1,6,79.4,7.100179498
CHEMBL1229211,C[C@@H]1CCO[C@H]2Cn3cc(C(=O)NCc4ccc(F)cc4F)c(=O)c(O)c3C(=O)N12,67000,active,419.384,1.3528,2,6,67000,4.173925197
CHEMBL3582149,COc1cc(OC)c2c(c1)O[C@H](c1cc(OC)c(OC)c(OC)c1)[C@H](OC(=O)/C=C/c1cc(OC)c(OC)c(OC)c1)C2,357,active,596.629,5.0568,0,11,357,6.447331784
CHEMBL3582156,COc1cc(OC)c2c(c1)O[C@H](c1cc(OC)c(OC)c(OC)c1)[C@H](OC(=O)c1ccc(F)c(NC(=O)c3cc(OC)c(OC)c(OC)c3)c1)C2,207,active,707.704,6.0486,1,12,207,6.684029655
CHEMBL3582167,COc1cc(OC)c2c(c1)O[C@H](c1cc(OC)c(OC)c(OC)c1)[C@@H](OC(=O)c1ccc(F)c(NC(=O)c3ccc(OC)c(OC)c3)c1)C2,45,active,677.678,6.04,1,11,45,7.346787486
CHEMBL3747380,CC(C)C[C@H]1c2[nH]c3ccccc3c2C[C@H]2C(=O)N[C@@H](CCC(=O)NC(C)(C)C)C(=O)N21,3870,active,438.572,3.2017,3,3,3870,5.412289035
CHEMBL3746770,COc1cc2[nH]c3c(c2cc1C)C[C@H]1C(=O)N[C@@H](C)C(=O)N1[C@H]3CC(C)C,1810,inactive,369.465,2.84372,2,3,1810,5.742321425
CHEMBL3764296,COc1cc(OC)c2c(=O)cc(N3CCN(Cc4ccc([N+](=O)[O-])cc4)CC3)oc2c1,87800,inactive,425.441,3.0406,0,8,87800,4.056505484
CHEMBL3765024,COc1cc(OC)c2c(=O)cc(N3CCN(CCc4ccc([N+](=O)[O-])cc4)CC3)oc2c1,36900,inactive,439.468,3.0831,0,8,36900,4.432973634
CHEMBL3764781,COc1cc(OC)c2c(=O)cc(N3CCN(Cc4ccc(F)c(F)c4)CC3)oc2c1,66600,inactive,416.424,3.4106,0,6,66600,4.176525771
CHEMBL3763441,COc1cc(OC)c2c(=O)cc(N3CCN(c4ccc([N+](=O)[O-])cc4)CC3)oc2c1,12200,inactive,411.414,3.045,0,8,12200,4.913640169
CHEMBL3764197,COc1cc(OC)c2c(=O)cc(N3CCN(Cc4cccc([N+](=O)[O-])c4)CC3)oc2c1,38200,inactive,425.441,3.0406,0,8,38200,4.417936637
CHEMBL3763752,COc1cc(OC)c2c(=O)cc(N3CCN(Cc4ccc(C#N)cc4)CC3)oc2c1,99700,inactive,405.454,3.00408,0,7,99700,4.001304842
CHEMBL3765551,COc1cc(OC)c2c(=O)cc(N3CCN(Cc4ccccc4[N+](=O)[O-])CC3)oc2c1,37600,inactive,425.441,3.0406,0,8,37600,4.424812155
CHEMBL3763734,COc1cc(O)c2c(=O)cc(C(=O)N3CCN(Cc4ccccc4[N+](=O)[O-])CC3)oc2c1,34900,inactive,439.424,2.3734,1,8,34900,4.457174573
CHEMBL3805746,N#Cc1c2n(c3c(N4CCN(Cc5ccccc5)CC4)ncnc13)CCCC2,8240,inactive,372.476,2.96148,0,6,8240,5.084072788
CHEMBL3806168,CN1CCN(c2ncnc3c(C#N)c4n(c23)CCCC4)CC1,4250,inactive,296.378,1.39108,0,6,4250,5.37161107
CHEMBL3810089,COc1ccc(-c2nc(Nc3ccc(C(=O)/C=C/c4ccccc4)cc3)c3ccccc3n2)cc1OC,1090,active,487.559,6.9537,1,6,1090,5.962573502
CHEMBL3809957,COc1cccc(/C=C/C(=O)c2ccc(Nc3nc(-c4ccc(OC)c(OC)c4)nc4ccccc34)cc2)c1,360,active,517.585,6.9623,1,7,360,6.443697499
CHEMBL3810160,COc1ccc(/C=C/C(=O)c2ccc(Nc3nc(-c4ccccc4)nc4ccccc34)cc2)cc1,3550,active,457.533,6.9451,1,5,3550,5.449771647
CHEMBL3809206,COc1cccc(/C=C/C(=O)c2ccc(Nc3nc(-c4ccccc4)nc4ccccc34)cc2)c1,880,active,457.533,6.9451,1,5,880,6.055517328
CHEMBL3891465,COc1cc(/C=C/C(=O)c2ccc3ccccc3c2)cc(Cl)c1OC,8700,active,352.817,5.4065,0,3,8700,5.060480747
CHEMBL3885165,COc1ccc(C(=O)Nc2ccccc2-c2nnn(-c3ccc(Cl)cc3)n2)cc1,223,active,405.845,4.2436,1,6,223,6.651695137
CHEMBL3885031,COc1ccc(C(=O)Nc2ccccc2-c2nnn(-c3ccc(C(C)C)cc3)n2)cc1,136,active,413.481,4.7136,1,6,136,6.866461092
CHEMBL3884824,COc1ccc(-n2nnc(-c3ccccc3NC(=O)c3cccc([N+](=O)[O-])c3)n2)cc1,168,active,416.397,3.4984,1,8,168,6.774690718
CHEMBL3883387,COc1ccc(-n2nnc(-c3ccccc3NC(=O)c3ccccc3[N+](=O)[O-])n2)cc1,266,active,416.397,3.4984,1,8,266,6.575118363
CHEMBL3885456,COc1ccc(C(=O)Nc2ccccc2-c2nnn(-c3ccc(OC)cc3)n2)cc1,199,active,401.426,3.5988,1,7,199,6.701146924
CHEMBL3883362,COc1ccc(C(=O)Nc2ccccc2-c2nnn(-c3ccc(OC)c(OC)c3)n2)cc1,319,active,431.452,3.6074,1,8,319,6.496209317
CHEMBL3885113,CSc1ccc(-n2nnc(-c3ccccc3NC(=O)c3ccccc3[N+](=O)[O-])n2)cc1,221,active,432.465,4.2117,1,8,221,6.655607726
CHEMBL3885364,COc1ccc(C(=O)Nc2ccccc2-c2nnn(-c3ccc(SC)cc3)n2)cc1,132,active,417.494,4.3121,1,7,132,6.879426069
CHEMBL3883929,CCCc1ccc(C(=O)Nc2ccccc2-c2nnn(-c3ccc(SC)cc3)n2)cc1,783,active,429.549,5.256,1,6,783,6.106238238
CHEMBL3883221,CCOc1ccc(-n2nnc(-c3ccccc3NC(=O)c3ccccc3[N+](=O)[O-])n2)cc1,308,active,430.424,3.8885,1,8,308,6.511449283
CHEMBL3884305,CCOc1ccc(-n2nnc(-c3ccccc3NC(=O)c3ccc(OC)cc3)n2)cc1,793,active,415.453,3.9889,1,7,793,6.100726813
CHEMBL3883590,CCCc1ccc(C(=O)Nc2ccccc2-c2nnn(-c3ccc(O)cc3)n2)cc1,204,active,399.454,4.2397,2,6,204,6.690369833
CHEMBL3884050,O=C(Nc1ccccc1-c1nnn(-c2ccccc2)n1)c1ccc(C(F)(F)F)cc1,4390,active,409.371,4.6004,1,5,4390,5.35753548
CHEMBL3883389,O=C(Nc1ccccc1-c1nnn(-c2ccccc2)n1)c1ccccc1[N+](=O)[O-],280,active,386.371,3.4898,1,7,280,6.552841969
CHEMBL3883513,CCCc1ccc(C(=O)Nc2ccccc2-c2nnn(-c3ccccc3)n2)cc1,212,active,383.455,4.5341,1,5,212,6.673664139
CHEMBL3884089,O=C(Nc1ccccc1-c1nnn(-c2ccccc2)n1)c1ccccc1,66.9,active,341.374,3.5816,1,5,66.9,7.174573882
CHEMBL3885022,O=C(Nc1ccccc1-c1nnn(-c2ccccc2)n1)c1ccc([N+](=O)[O-])cc1,321,active,386.371,3.4898,1,7,321,6.493494968
CHEMBL3884853,O=C(Nc1ccccc1-c1nnn(-c2ccccc2)n1)c1cccc([N+](=O)[O-])c1,123,active,386.371,3.4898,1,7,123,6.910094889
CHEMBL3883987,COc1ccc(C(=O)Nc2ccccc2-c2nnn(-c3ccccc3)n2)cc1,208,inactive,371.4,3.5902,1,6,208,6.681936665
CHEMBL511679,CO/C(=C\c1ccc(O)cc1)C(=O)N/C=C/c1cc(Br)c(OC)c(Br)c1,33000,inactive,483.156,4.7002,2,4,33000,4.48148606
CHEMBL458921,CO/C(=C\c1ccc(O)cc1)C(=O)N/C=C/c1ccc(OC)c(Br)c1,16400,inactive,404.26,3.9377,2,4,16400,4.785156152
CHEMBL457379,CO/C(=C\c1ccc(O)cc1)C(=O)N/C=C/c1ccc(OC)cc1,23300,inactive,325.364,3.1752,2,4,23300,4.632644079
CHEMBL457598,CO/C(=C\c1ccc(O)cc1)C(=O)N/C=C/c1ccc(O)cc1,16700,inactive,311.337,2.8722,3,4,16700,4.777283529
CHEMBL3644874,CO/C(=C\c1cccc(O)c1C#N)C(=O)N/C=C/c1ccccc1,26900,active,320.348,3.03828,2,4,26900,4.57024772
CHEMBL4071711,O=[N+]([O-])c1cccc(Nc2nc(-c3ccccn3)nc3ccccc23)c1,376,active,343.346,4.3436,1,6,376,6.424812155
CHEMBL4098723,O=[N+]([O-])c1cccc(Nc2nc(-c3cccnc3)nc3ccccc23)c1,105,active,343.346,4.3436,1,6,105,6.978810701
CHEMBL4075328,O=[N+]([O-])c1ccc(Nc2nc(-c3cccnc3)nc3ccccc23)cc1,64.1,active,343.346,4.3436,1,6,64.1,7.19314197
CHEMBL4068441,N#Cc1cccc(Nc2nc(-c3ccccn3)nc3ccccc23)c1,507,active,323.359,4.30708,1,5,507,6.294992041
CHEMBL4089579,N#Cc1cccc(Nc2nc(-c3cccnc3)nc3ccccc23)c1,108,active,323.359,4.30708,1,5,108,6.966576245
CHEMBL4059784,N#Cc1cccc(Nc2nc(-c3ccncc3)nc3ccccc23)c1,134,active,323.359,4.30708,1,5,134,6.872895202
CHEMBL4071162,COc1cccc(Nc2nc(-c3cccnc3)nc3ccccc23)c1,1020,active,328.375,4.444,1,5,1020,5.991399828
CHEMBL4090505,COc1cccc(Nc2nc(-c3ccncc3)nc3ccccc23)c1,558,active,328.375,4.444,1,5,558,6.253365801
CHEMBL1499954,COc1ccc(Nc2nc(-c3ccncc3)nc3ccccc23)cc1,742,active,328.375,4.444,1,5,742,6.129596095
CHEMBL4100665,COc1ccc(Nc2nc(-c3cccnc3)nc3ccccc23)cc1OC,753,active,358.401,4.4526,1,6,753,6.123205024
CHEMBL4082355,COc1ccc(Nc2nc(-c3ccncc3)nc3ccccc23)cc1OC,545,active,358.401,4.4526,1,6,545,6.263603498
CHEMBL4065492,FC(F)(F)c1cccc(Nc2nc(-c3ccncc3)nc3ccccc23)c1,216,active,366.346,5.4542,1,4,216,6.665546249
CHEMBL4071857,FC(F)(F)c1ccc(Nc2nc(-c3ccncc3)nc3ccccc23)cc1,488,active,366.346,5.4542,1,4,488,6.311580178
CHEMBL4060577,COc1ccc(Nc2nc(-c3ccncc3)nc3ccccc23)cc1C(F)(F)F,146,active,396.372,5.4628,1,5,146,6.835647144
CHEMBL4060787,Oc1ccc(Nc2nc(-c3ccncc3)nc3ccccc23)cc1,4260,active,314.348,4.141,2,5,4260,5.370590401
CHEMBL4084028,OCc1cccc(Nc2nc(-c3ccncc3)nc3ccccc23)c1,921,active,328.375,3.9277,2,5,921,6.03574037
CHEMBL4083491,O=[N+]([O-])c1cc(Nc2nc(-c3cccnc3)nc3ccccc23)ccc1O,245,active,359.345,4.0492,2,7,245,6.610833916
CHEMBL1507325,COC(=O)c1cccc(Nc2nc(-c3cccnc3)nc3ccccc23)c1,362,active,356.385,4.222,1,6,362,6.441291429
CHEMBL1445052,COC(=O)c1cccc(Nc2nc(-c3ccncc3)nc3ccccc23)c1,405,active,356.385,4.222,1,6,405,6.392544977
CHEMBL4099533,CC(C)(C)OC(=O)c1cccc(Nc2nc(-c3ccncc3)nc3ccccc23)c1,299,inactive,398.466,5.3907,1,6,299,6.524328812
CHEMBL3770841,O=C(O)c1ccc(Nc2nc(-c3ccncc3)nc3ccccc23)cc1,9640,active,342.358,4.1336,2,5,9640,5.015922966
CHEMBL4077632,COc1cccc(Nc2cc(C)nc(-c3ccncc3)n2)c1,271,active,292.342,3.59922,1,5,271,6.567030709
CHEMBL4062126,COc1ccc(Nc2cc(C)nc(-c3ccncc3)n2)cc1,874,active,292.342,3.59922,1,5,874,6.058488567
CHEMBL4096657,Cc1cc(Nc2cccc(C#N)c2)nc(-c2ccccc2)n1,122,active,286.338,4.0673,1,4,122,6.913640169
CHEMBL4088963,Cc1cc(Nc2ccc(O)c([N+](=O)[O-])c2)nc(-c2ccccc2)n1,98.8,active,322.324,3.80942,2,6,98.8,7.005243055
CHEMBL4060750,Cc1cc(Nc2ccccc2)nc(-c2ccccc2)n1,648,active,261.328,4.19562,1,3,648,6.188424994
CHEMBL4088022,N#Cc1ccc(Nc2nc(-c3ccccc3)nc3ccccc23)cc1,71.4,active,322.371,4.91208,1,4,71.4,7.146301788
CHEMBL4069582,O=[N+]([O-])c1cc(Nc2nc(-c3ccccc3)nc3ccccc23)ccc1O,81.1,active,358.357,4.6542,2,6,81.1,7.090979146
CHEMBL1410991,Oc1ccc(Nc2nc(-c3ccccc3)nc3ccccc23)cc1,211,active,313.36,4.746,2,4,211,6.675717545
CHEMBL4085567,Fc1cccc(Nc2nc(-c3ccccc3)nc3ccccc23)c1,363,inactive,315.351,5.1795,1,3,363,6.440093375
CHEMBL2063070,Cc1cn([C@H]2C[C@H](N=[N+]=[N-])[C@@H](COC(=O)CCCCCCCCC(=O)OC[C@H]3O[C@@H](n4cc(C)c(=O)[nH]c4=O)C[C@@H]3N=[N+]=[N-])O2)c(=O)[nH]c1=O,28200,inactive,700.71,2.84364,2,14,28200,4.549750892
CHEMBL2063071,Cc1cn([C@H]2C[C@H](N=[N+]=[N-])[C@@H](COC(=O)CCCCCCCCCCC(=O)OC[C@H]3O[C@@H](n4cc(C)c(=O)[nH]c4=O)C[C@@H]3N=[N+]=[N-])O2)c(=O)[nH]c1=O,11500,inactive,728.764,3.62384,2,14,11500,4.93930216
CHEMBL2063072,Cc1cn([C@H]2C[C@H](N=[N+]=[N-])[C@@H](COC(=O)CCCCCCCCCCCCC(=O)OC[C@H]3O[C@@H](n4cc(C)c(=O)[nH]c4=O)C[C@@H]3N=[N+]=[N-])O2)c(=O)[nH]c1=O,13300,active,756.818,4.40404,2,14,13300,4.876148359
CHEMBL4092046,COc1cccc(-n2nnc(-c3ccccc3NC(=O)Nc3ccc(NC(=O)CBr)cc3)n2)c1,472,active,522.363,4.3153,3,7,472,6.326058001
CHEMBL4102382,COc1cccc(-n2nnc(-c3ccccc3NC(=O)Nc3ccc(N=[N+]=[N-])cc3)n2)c1,685,active,427.428,4.9237,2,7,685,6.164309429
CHEMBL4076726,COc1cccc(-n2nnc(-c3ccccc3NC(=O)Nc3ccc(N=C=S)cc3)n2)c1,550,active,443.492,4.7162,2,8,550,6.259637311
CHEMBL4098858,COc1cccc(-n2nnc(-c3ccccc3NC(=O)Nc3ccc(NC(C)=O)cc3)n2)c1,325,active,443.467,3.9403,3,7,325,6.488116639
CHEMBL4080817,COc1cccc(-n2nnc(-c3ccccc3NC(=O)Nc3ccc(N)cc3)n2)c1,379,active,401.43,3.5641,3,7,379,6.42136079
CHEMBL4083323,COc1cccc(-n2nnc(-c3ccccc3NC(=O)Nc3ccc([N+](=O)[O-])cc3)n2)c1,403,active,431.412,3.8901,2,8,403,6.394694954
CHEMBL4061497,COc1ccc(-n2nnc(-c3ccccc3NC(=O)Nc3ccc([N+](=O)[O-])cc3)n2)cc1,331,active,431.412,3.8901,2,8,331,6.480172006
CHEMBL4076705,COc1ccc(NC(=O)Nc2ccccc2-c2nnn(-c3ccc(OC)cc3)n2)cc1,355,active,416.441,3.9905,2,7,355,6.449771647
CHEMBL4066351,COc1cccc(-n2nnc(-c3ccccc3NC(=O)c3ccc(N=[N+]=[N-])cc3)n2)c1,1267,active,412.413,4.532,1,7,1267,5.897223385
CHEMBL4077603,COc1cccc(-n2nnc(-c3ccccc3NC(=O)c3ccc(NC(C)=O)cc3)n2)c1,1202,active,428.452,3.5486,2,7,1202,5.920095532
CHEMBL4077458,CCCc1cccc(NC(=O)c2ccccc2NC(=O)c2ccccc2[N+](=O)[O-])c1,1713,active,403.438,5.0519,2,4,1713,5.766242637
CHEMBL4074879,CCCc1ccc(NC(=O)c2ccccc2NC(=O)c2cccc([N+](=O)[O-])c2)cc1,512,active,403.438,5.0519,2,4,512,6.290730039
CHEMBL4065537,CCCc1ccc(NC(=O)c2ccccc2NC(=O)c2ccc([N+](=O)[O-])cc2)cc1,594,active,403.438,5.0519,2,4,594,6.226213555
CHEMBL4064511,O=C(Nc1ccc([N+](=O)[O-])cc1)Nc1ccccc1C(=O)Nc1ccc(C(F)(F)F)cc1,452,active,444.369,5.5099,3,4,452,6.344861565
CHEMBL4084461,CCCc1ccc(NC(=O)c2ccccc2NC(=O)Nc2ccccc2[N+](=O)[O-])cc1,1120,active,418.453,5.4436,3,4,1120,5.950781977
CHEMBL4096070,CCCc1ccc(NC(=O)c2ccccc2NC(=O)Nc2cccc([N+](=O)[O-])c2)cc1,348,active,418.453,5.4436,3,4,348,6.458420756
CHEMBL4102415,CCCc1ccc(NC(=O)c2ccccc2NC(=O)Nc2ccc(Br)cc2)cc1,2121,active,452.352,6.2979,3,2,2121,5.673459331
CHEMBL4095392,COc1cccc(-n2nnc(-c3ccccc3NC(=O)c3ccc(N)cc3)n2)c1,491,active,386.415,3.1724,2,7,491,6.308918508
CHEMBL4099768,COc1cccc(-n2nnc(-c3ccccc3NC(=O)Nc3cccc([N+](=O)[O-])c3)n2)c1,807,active,431.412,3.8901,2,8,807,6.093126465
CHEMBL4072882,COc1cccc(-n2nnc(-c3ccccc3NC(=O)Nc3ccccc3[N+](=O)[O-])n2)c1,978,active,431.412,3.8901,2,8,978,6.009661145
CHEMBL4072482,c1ccc(Nc2nc(-c3ccccc3)nc3ncccc23)cc1,149,active,298.349,4.4354,1,4,149,6.826813732
CHEMBL4094267,O=[N+]([O-])c1cccc(Nc2nc(-c3ccccc3)nc3ncccc23)c1,519,active,343.346,4.3436,1,6,519,6.284832642
CHEMBL4075334,O=[N+]([O-])c1cc(Nc2nc(-c3ccccc3)nc3ncccc23)ccc1O,528,active,359.345,4.0492,2,7,528,6.277366077
CHEMBL4077346,COc1ccc(Nc2nc(-c3ccccc3)nc3ncccc23)cc1,238,active,328.375,4.444,1,5,238,6.623423043
CHEMBL4081623,COc1ccc(Nc2nc(-c3ccccc3)nc3ncccc23)cc1OC,343,active,358.401,4.4526,1,6,343,6.46470588
CHEMBL4076800,Oc1ccc(Nc2nc(-c3ccccc3)nc3ncccc23)cc1,2040,active,314.348,4.141,2,5,2040,5.690369833
CHEMBL547193,FC(F)(F)c1cccc(Nc2nc(-c3ccccc3)nc3ncccc23)c1,177,active,366.346,5.4542,1,4,177,6.752026734
CHEMBL4077318,Fc1cccc(Nc2nc(-c3ccccc3)nc3ncccc23)c1,164,active,316.339,4.5745,1,4,164,6.785156152
CHEMBL4075963,COc1cccc(-c2nc(Nc3cccc([N+](=O)[O-])c3)c3cccnc3n2)c1,747,active,373.372,4.3522,1,7,747,6.126679398
CHEMBL4073213,COc1cccc(-c2nc(Nc3ccc(C#N)cc3)c3cccnc3n2)c1,876,active,353.385,4.31568,1,6,876,6.057495894
CHEMBL4083745,COc1cccc(-c2nc(Nc3cccc(O)c3)c3cccnc3n2)c1,963,active,344.374,4.1496,2,6,963,6.016373713
CHEMBL4073354,COc1cccc(-c2nc(Nc3ccc(OC)c(OC)c3)c3cccnc3n2)c1,572,active,388.427,4.4612,1,7,572,6.242603971
CHEMBL4072305,COc1cccc(-c2nc(Nc3cccc(F)c3)c3cccnc3n2)c1,264,active,346.365,4.5831,1,5,264,6.578396073
CHEMBL4091528,COc1cccc(-c2nc(Nc3ccc(F)cc3)c3cccnc3n2)c1,425,active,346.365,4.5831,1,5,425,6.37161107
CHEMBL4063711,COc1cccc(-c2nc(Nc3ccc(F)c(F)c3)c3cccnc3n2)c1,163,active,364.355,4.7222,1,5,163,6.787812396
CHEMBL4094904,COc1cccc(-c2nc(Nc3cccc(C(F)(F)F)c3)c3cccnc3n2)c1,539,active,396.372,5.4628,1,5,539,6.268411235
CHEMBL4067469,COc1cccc(-c2nc(Nc3ccc(C(F)(F)F)cc3)c3cccnc3n2)c1,621,active,396.372,5.4628,1,5,621,6.2069084
CHEMBL4063699,COc1cccc(-c2nc(Nc3cccc(Cl)c3)c3cccnc3n2)c1,628,inactive,362.82,5.0974,1,5,628,6.202040356
CHEMBL4066611,N#Cc1ccc(Nc2nc(-c3ccccc3)nc3ncccc23)cc1,1185,inactive,323.359,4.30708,1,5,1185,5.92628165
CHEMBL4164837,O=[N+]([O-])c1cccc(-c2nc(NC3CCCCC3)c3ccccc3n2)c1,2780,active,348.406,4.9496,1,5,2780,5.555955204
CHEMBL4172744,O=[N+]([O-])c1cccc(Nc2nc(-c3cccc([N+](=O)[O-])c3)nc3ccccc23)c1,236,active,387.355,4.8568,1,7,236,6.627087997
CHEMBL4161427,O=[N+]([O-])c1cccc(-c2nc(Nc3ccc(O)c([N+](=O)[O-])c3)c3ccccc3n2)c1,151,active,403.354,4.5624,2,8,151,6.821023053
CHEMBL4169350,N#Cc1cccc(Nc2nc(-c3cccc([N+](=O)[O-])c3)nc3ccccc23)c1,120,active,367.368,4.82028,1,6,120,6.920818754
CHEMBL4176534,COc1cccc(Nc2nc(-c3cccc([N+](=O)[O-])c3)nc3ccccc23)c1,121,active,372.384,4.9572,1,6,121,6.91721463
CHEMBL4165918,COc1ccc(Nc2nc(-c3cccc([N+](=O)[O-])c3)nc3ccccc23)cc1OC,55.6,active,402.41,4.9658,1,7,55.6,7.254925208
CHEMBL4166534,COc1cc(Nc2nc(-c3cccc([N+](=O)[O-])c3)nc3ccccc23)ccc1Br,801,active,451.28,5.7197,1,6,801,6.096367484
CHEMBL4170247,O=[N+]([O-])c1cccc(-c2nc(Nc3ccc4c(c3)OCCO4)c3ccccc3n2)c1,263,active,400.394,4.7198,1,7,263,6.580044252
CHEMBL4168440,CSc1cccc(Nc2nc(-c3cccc([N+](=O)[O-])c3)nc3ccccc23)c1,94.8,active,388.452,5.6705,1,6,94.8,7.023191663
CHEMBL4161193,CSc1ccc(Nc2nc(-c3cccc([N+](=O)[O-])c3)nc3ccccc23)cc1,88.6,active,388.452,5.6705,1,6,88.6,7.052566278
CHEMBL4171799,Nc1cccc(Nc2nc(-c3cccc([N+](=O)[O-])c3)nc3ccccc23)c1,284,inactive,357.373,4.5308,2,6,284,6.54668166
CHEMBL4165025,O=[N+]([O-])c1cccc(-c2nc(Nc3cccc(C(F)(F)F)c3)c3ccccc3n2)c1,10700,inactive,410.355,5.9674,1,5,10700,4.970616222
CHEMBL4159429,COc1ccc(Nc2nc(-c3cccc([N+](=O)[O-])c3)nc3ccccc23)cc1C(F)(F)F,16200,active,440.381,5.976,1,6,16200,4.790484985
CHEMBL4171705,N#Cc1cccc(Nc2nc(-c3ccc([N+](=O)[O-])cc3)nc3ccccc23)c1,336,active,367.368,4.82028,1,6,336,6.473660723
CHEMBL4163316,COc1cccc(Nc2nc(-c3ccc([N+](=O)[O-])cc3)nc3ccccc23)c1,107,active,372.384,4.9572,1,6,107,6.970616222
CHEMBL4164537,COc1ccc(Nc2nc(-c3ccc([N+](=O)[O-])cc3)nc3ccccc23)cc1OC,86.7,active,402.41,4.9658,1,7,86.7,7.061980903
CHEMBL4176113,COc1ccc(Nc2nc(-c3cccc(C#N)c3)nc3ccccc23)cc1O,297,active,368.396,4.62628,2,6,297,6.527243551
CHEMBL4159527,COc1ccccc1-c1nc(Nc2cccc([N+](=O)[O-])c2)c2ccccc2n1,642,active,372.384,4.9572,1,6,642,6.192464972
CHEMBL4176228,COc1cccc(-c2nc(Nc3cccc([N+](=O)[O-])c3)c3ccccc3n2)c1,139,active,372.384,4.9572,1,6,139,6.8569852
CHEMBL4166863,COc1cccc(-c2nc(Nc3ccc([N+](=O)[O-])cc3)c3ccccc3n2)c1,68,active,372.384,4.9572,1,6,68,7.167491087
CHEMBL4164535,COc1cccc(-c2nc(Nc3ccc(F)c([N+](=O)[O-])c3)c3ccccc3n2)c1,1190,active,390.374,5.0963,1,6,1190,5.924453039
CHEMBL4161119,COc1cccc(-c2nc(Nc3cccc(F)c3)c3ccccc3n2)c1,1640,active,345.377,5.1881,1,4,1640,5.785156152
CHEMBL4167968,COc1ccc(-c2nc(Nc3cccc(C#N)c3)c3ccccc3n2)cc1,2120,active,352.397,4.92068,1,5,2120,5.673664139
CHEMBL4159635,COc1ccc(-c2nc(Nc3ccc(OC)c(OC)c3)c3ccccc3n2)cc1,418,active,387.439,5.0662,1,6,418,6.378823718
CHEMBL3092486,COc1ccc(-c2nc(Nc3ccc([N+](=O)[O-])cc3)c3ccccc3n2)cc1OC,44.2,active,402.41,4.9658,1,7,44.2,7.354577731
CHEMBL4172203,COc1ccc(-c2nc(Nc3ccc(O)c([N+](=O)[O-])c3)c3ccccc3n2)cc1OC,305,active,418.409,4.6714,2,8,305,6.515700161
CHEMBL4163917,COc1ccc(-c2nc(Nc3ccc(OC)c(C(F)(F)F)c3)c3ccccc3n2)cc1OC,795,active,455.436,6.085,1,6,795,6.099632871
CHEMBL4171781,COc1cccc(Nc2nc(-c3ccc(OC)c(OC)c3)nc3ccccc23)c1,365,active,387.439,5.0662,1,6,365,6.437707136
CHEMBL4160529,COc1cc(Nc2nc(-c3ccc(OC)c(OC)c3)nc3ccccc23)ccc1Br,47.5,active,466.335,5.8287,1,6,47.5,7.32330639
CHEMBL4168425,COc1ccc(-c2nc(Nc3cccc(F)c3)c3ccccc3n2)cc1OC,462,active,375.403,5.1967,1,5,462,6.335358024
CHEMBL4176826,CCOc1ccc(Nc2nc(-c3cccc([N+](=O)[O-])c3)nc3ccccc23)cc1OCC,3200,active,430.464,5.746,1,7,3200,5.494850022
CHEMBL4172857,CC(=O)Nc1cccc(Nc2nc(-c3cccc(C#N)c3)nc3ccccc23)c1,1430,active,379.423,4.87048,2,5,1430,5.844663963
CHEMBL4170623,O=[N+]([O-])c1ccc2nc(-c3ccccc3)nc(Nc3cccc(O)c3)c2c1,65.3,active,358.357,4.6542,2,6,65.3,7.185086819
CHEMBL4160408,COc1cccc(Nc2nc(-c3ccccc3)nc3ccc([N+](=O)[O-])cc23)c1,33.1,active,372.384,4.9572,1,6,33.1,7.480172006
CHEMBL4171017,COc1ccc(Nc2nc(-c3ccccc3)nc3ccc([N+](=O)[O-])cc23)cc1OC,37,active,402.41,4.9658,1,7,37,7.431798276
CHEMBL4163784,N#Cc1cccc(Nc2nc(-c3ccccc3)nc3ccc([N+](=O)[O-])cc23)c1,48.2,active,367.368,4.82028,1,6,48.2,7.316952962
CHEMBL4174458,N#Cc1ccc(Nc2nc(-c3ccccc3)nc3ccc([N+](=O)[O-])cc23)cc1,48.1,active,367.368,4.82028,1,6,48.1,7.317854924
CHEMBL4165209,COc1cccc(Nc2nc(-c3cccnc3)nc3ccc(/N=C(\C)OC(C)=O)cc23)c1,5310,active,427.464,5.057,1,8,5310,5.274905479
CHEMBL4167361,COc1cccc(Nc2nc(-c3cccc(C(F)(F)F)c3)nc3ccc(N)cc23)c1,835,active,410.399,5.65,2,5,835,6.078313525
CHEMBL4173540,Nc1ccc2nc(-c3cccc(C(F)(F)F)c3)nc(Nc3cccc(O)c3)c2c1,799,active,396.372,5.347,3,5,799,6.097453221
CHEMBL4165609,Nc1ccc2nc(-c3cccc(C(F)(F)F)c3)nc(Nc3ccccc3)c2c1,726,active,380.373,5.6414,2,4,726,6.139063379
CHEMBL4176905,COc1ccc(Nc2nc(-c3cccnc3)nc3ccc(N)cc23)cc1,646,active,343.39,4.0262,2,6,646,6.189767482
CHEMBL4169043,COc1cccc(Nc2nc(-c3cccnc3)nc3ccc(N)cc23)c1,369,active,343.39,4.0262,2,6,369,6.432973634
CHEMBL4164845,COc1ccc(-c2nc(Nc3cccc(C(F)(F)F)c3)c3cc([N+](=O)[O-])ccc3n2)cc1OC,57.2,active,470.407,5.9846,1,7,57.2,7.242603971
CHEMBL4172752,COc1cccc(-c2nc(Nc3cccc(F)c3)c3cc([N+](=O)[O-])ccc3n2)c1,23.4,active,390.374,5.0963,1,6,23.4,7.630784143
CHEMBL4163310,COc1cccc(-c2nc(Nc3ccc(C#N)cc3)c3cc([N+](=O)[O-])ccc3n2)c1,27.8,active,397.394,4.82888,1,7,27.8,7.555955204
CHEMBL4171213,CC(=O)Nc1cccc(Nc2nc(-c3cccc(C(F)(F)F)c3)nc3ccc([N+](=O)[O-])cc23)c1,44.8,active,467.407,5.9258,2,6,44.8,7.348721986
CHEMBL4166754,O=[N+]([O-])c1ccc2nc(-c3cccc(C(F)(F)F)c3)nc(Nc3ccc(O)c([N+](=O)[O-])c3)c2c1,33,active,471.351,5.5812,2,8,33,7.48148606
CHEMBL4174654,O=[N+]([O-])c1ccc(Nc2nc(-c3cccc(C(F)(F)F)c3)nc3ccc([N+](=O)[O-])cc23)cc1,61.4,active,455.352,5.8756,1,7,61.4,7.211831629
CHEMBL4175064,O=[N+]([O-])c1cccc(Nc2nc(-c3cccc(C(F)(F)F)c3)nc3ccc([N+](=O)[O-])cc23)c1,66.3,active,455.352,5.8756,1,7,66.3,7.178486472
CHEMBL4159937,CSc1cccc(Nc2nc(-c3cccc(C(F)(F)F)c3)nc3ccc([N+](=O)[O-])cc23)c1,101,active,456.449,6.6893,1,6,101,6.995678626
CHEMBL4167856,COc1ccc(Nc2nc(-c3cccc(C(F)(F)F)c3)nc3ccc([N+](=O)[O-])cc23)cc1OC,30.2,active,470.407,5.9846,1,7,30.2,7.519993057
CHEMBL4168022,O=[N+]([O-])c1ccc2nc(-c3cccc(C(F)(F)F)c3)nc(Nc3cccc(O)c3)c2c1,27.6,active,426.354,5.673,2,6,27.6,7.559090918
CHEMBL4167604,O=[N+]([O-])c1ccc2nc(-c3cccc(C(F)(F)F)c3)nc(Nc3ccccc3)c2c1,59.6,active,410.355,5.9674,1,5,59.6,7.22475374
CHEMBL4159686,N#Cc1cccc(Nc2nc(-c3ccncc3)nc3ccc([N+](=O)[O-])cc23)c1,63.8,active,368.356,4.21528,1,7,63.8,7.195179321
CHEMBL4164155,COc1ccc(Nc2nc(-c3ccncc3)nc3ccc([N+](=O)[O-])cc23)cc1,75.5,active,373.372,4.3522,1,7,75.5,7.122053048
CHEMBL4174809,COc1ccc(Nc2nc(-c3cccnc3)nc3ccc([N+](=O)[O-])cc23)cc1,57.7,active,373.372,4.3522,1,7,57.7,7.238824187
CHEMBL4174412,COc1cccc(Nc2nc(-c3cccnc3)nc3ccc([N+](=O)[O-])cc23)c1,47,active,373.372,4.3522,1,7,47,7.327902142
CHEMBL4166495,O=C(O)c1cccc(Nc2nc(-c3ccccc3)nc3ccc([N+](=O)[O-])cc23)c1,904,active,386.367,4.6468,2,6,904,6.04383157
CHEMBL4170981,CC(=O)Nc1cccc(Nc2nc(-c3ccccc3)nc3ccc([N+](=O)[O-])cc23)c1,78.7,active,399.41,4.907,2,6,78.7,7.104025268
CHEMBL4163063,O=[N+]([O-])c1ccc2nc(-c3ccccc3)nc(Nc3ccc(O)c([N+](=O)[O-])c3)c2c1,37.4,active,403.354,4.5624,2,8,37.4,7.427128398
CHEMBL4164189,O=[N+]([O-])c1ccc2nc(-c3ccccc3)nc(Nc3cccc(C(F)(F)F)c3)c2c1,49.1,active,410.355,5.9674,1,5,49.1,7.308918508
CHEMBL4215827,COc1ccc(C(=O)Nc2ccccc2-c2nnc(-c3ccc(OC)cc3)o2)cc1,438,active,401.422,4.6731,1,6,438,6.358525889
CHEMBL2170116,O=C(Nc1ccccc1-c1nnc(-c2ccccc2)o1)c1ccccc1,112,active,341.37,4.6559,1,4,112,6.950781977
CHEMBL4203097,COc1ccc(C(=O)Nc2ccccc2-n2cc(-c3ccc(OC)cc3)nn2)cc1,2360,inactive,400.438,4.2038,1,6,2360,5.627087997
CHEMBL4202725,O=C(Nc1ccccc1-n1cc(-c2ccccc2)nn1)c1ccccc1,15300,inactive,340.386,4.1866,1,4,15300,4.815308569
CHEMBL4215290,COc1ccc(-n2nnc(-c3cccc(NC(=O)c4ccc(C(F)(F)F)cc4)c3)n2)cc1,18500,inactive,439.397,4.609,1,6,18500,4.732828272
CHEMBL4210290,CC(=O)Nc1ccccc1-c1nnn(-c2ccccc2)n1,6910,active,279.303,2.2877,1,5,6910,5.160521953
CHEMBL4205396,COc1ccc(-n2nnc(-c3ccccc3NC(=O)C3CCCCC3)n2)cc1,565,active,377.448,3.8567,1,6,565,6.247951552
CHEMBL4214686,O=C(Nc1ccccc1-c1nnn(-c2ccccc2)n1)C1CCCCC1,287,active,347.422,3.8481,1,5,287,6.542118103
CHEMBL4202490,COc1ccc(-n2nnc(-c3ccccc3NC(=O)c3cccc4ccccc34)n2)cc1,267,active,421.46,4.7434,1,6,267,6.573488739
CHEMBL4203060,COc1ccc(-n2nnc(-c3ccccc3NC(=O)c3cnc4ccccc4c3)n2)cc1,228,active,422.448,4.1384,1,7,228,6.642065153
CHEMBL4212309,O=C(Nc1ccccc1-c1nnn(-c2ccccc2)n1)c1cccnc1,445,active,342.362,2.9766,1,6,445,6.351639989
CHEMBL4210844,O=C(Nc1ccccc1-c1nnn(-c2ccccc2)n1)c1ccccn1,733,active,342.362,2.9766,1,6,733,6.134896025
CHEMBL4215789,COc1ccc(-n2nnc(-c3ccccc3NC(=O)c3cccs3)n2)cc1,351,active,377.429,3.6517,1,7,351,6.454692884
CHEMBL4203580,O=C(Nc1ccccc1-c1nnn(-c2ccccc2)n1)c1ccc2c(c1)OCO2,259,active,385.383,3.3103,1,7,259,6.586700236
CHEMBL4205898,COc1ccc(-n2nnc(-c3cc(OC)ccc3NC(=O)c3ccc(C(F)(F)F)cc3)n2)cc1,77.4,active,469.423,4.6176,1,7,77.4,7.111259039
CHEMBL4202709,COc1ccc(C(=O)Nc2ccccc2-c2nnn(-c3ccc(OC)nc3)n2)cc1,61.6,active,402.414,2.9938,1,8,61.6,7.210419288
CHEMBL4216382,COc1cc2c(cc1OC)CN(CC(=O)c1cccc(NC(=O)c3ccc4ccccc4n3)c1)CC2,6730,inactive,481.552,4.7453,1,6,6730,5.171984936
CHEMBL4215970,COc1cc2c(cc1OC)CN(CC(=O)c1ccc(C)c(NC(=O)c3ccc4ccccc4n3)c1)CC2,8760,inactive,495.579,5.05372,1,6,8760,5.057495894
CHEMBL4208261,COCCOCCOCCOc1cc2c(cc1OC)CCN(CC(=O)c1ccc(C)c(NC(=O)c3ccc4ccccc4n3)c1)C2,6650,active,627.738,5.10352,1,9,6650,5.177178355
CHEMBL4589907,COC(=O)c1cccc(COc2c(-c3ccc(OCCOCCn4cc(CN(Cc5ccccc5)Cc5cn(CCOCCOc6ccc(-c7oc8ccccc8c(=O)c7OCc7cccc(C(=O)OC)c7)cc6)nn5)nn4)cc3)oc3ccccc3c2=O)c1,14.5,active,1214.298,10.5412,0,21,14.5,7.838631998
CHEMBL4453052,COC(=O)c1cccc(COc2c(-c3ccc(OCCOCCn4cc(-c5cccc(-c6cn(CCOCCOc7ccc(-c8oc9ccccc9c(=O)c8OCc8cccc(C(=O)OC)c8)cc7)nn6)c5)nn4)cc3)oc3ccccc3c2=O)c1,24.6,active,1157.202,10.6728,0,20,24.6,7.609064893
CHEMBL4440681,COC(=O)c1cccc(COc2c(-c3ccc(OCCOCCn4cc(CCCc5cn(CCOCCOc6ccc(-c7oc8ccccc8c(=O)c7OCc7cccc(C(=O)OC)c7)cc6)nn5)nn4)cc3)oc3ccccc3c2=O)c1,19.1,active,1123.185,9.5141,0,20,19.1,7.718966633
CHEMBL4474920,COC(=O)c1cccc(COc2c(-c3ccc(OCCOCCn4cc(COCc5cn(CCOCCOc6ccc(-c7oc8ccccc8c(=O)c7OCc7cccc(C(=O)OC)c7)cc6)nn5)nn4)cc3)oc3ccccc3c2=O)c1,20.2,active,1125.157,9.0556,0,21,20.2,7.694648631
CHEMBL58,O=C1c2c(O)ccc(O)c2C(=O)c2c(NCCNCCO)ccc(NCCNCCO)c21,903.8,active,444.488,-0.1392,8,10,903.8,6.043927663
CHEMBL4483754,O=[N+]([O-])c1ccc(Nc2nc(-c3cccs3)nc3ccccc23)cc1,335,active,348.387,5.0101,1,6,335,6.474955193
CHEMBL4470633,N#Cc1cccc(Nc2nc(-c3cccs3)nc3ccccc23)c1,178,active,328.4,4.97358,1,5,178,6.749579998
CHEMBL4446794,COc1ccc(Nc2nc(-c3cccs3)nc3ccccc23)cc1OC,202,active,363.442,5.1191,1,6,202,6.694648631
CHEMBL4450363,Fc1cccc(Nc2nc(-c3cccs3)nc3ccccc23)c1,953,active,321.38,5.241,1,4,953,6.020907099
CHEMBL4475108,COc1ccc(Nc2nc(-c3ccc[nH]3)nc3ccccc23)cc1OC,652,inactive,346.39,4.3857,2,5,652,6.185752404
CHEMBL4451576,Brc1ccc(Oc2nc(-c3ccccc3)nc3ccccc23)cc1,7270,active,377.241,5.8516,0,3,7270,5.138465589
CHEMBL4554634,FC(F)(F)c1cccc(Oc2nc(-c3ccccc3)nc3ccccc23)c1,989,inactive,366.342,6.1079,0,3,989,6.004803708
CHEMBL4464445,CN(c1ccc([N+](=O)[O-])cc1)c1nc(-c2ccccc2)nc2ccccc12,3669,inactive,356.385,4.9729,0,5,3669,5.435452288
CHEMBL4465018,CN(c1cccc(F)c1)c1nc(-c2ccccc2)nc2ccccc12,3948,active,329.378,5.2038,0,3,3948,5.403622856
CHEMBL435866,O=C(Nc1nc(-c2ccccc2)nc2ccccc12)c1ccccc1,424,active,325.371,4.5491,1,3,424,6.372634143
CHEMBL4442077,O=C(Nc1nc(-c2ccccc2)nc2ccccc12)c1ccccc1[N+](=O)[O-],994,active,370.368,4.4573,1,5,994,6.002613616
CHEMBL4456005,O=C(Nc1nc(-c2ccccc2)nc2ccccc12)c1cccc([N+](=O)[O-])c1,54.5,active,370.368,4.4573,1,5,54.5,7.263603498
CHEMBL4561833,N#Cc1ccc(Nc2ncnc3ccccc23)cc1,1270,active,246.273,3.24508,1,4,1270,5.896196279
CHEMBL92985,Fc1cccc(Nc2ncnc3ccccc23)c1,8120,inactive,239.253,3.5125,1,3,8120,5.090443971
CHEMBL4524796,CC(=O)Nc1cccc(Nc2ncnc3ccccc23)c1,28900,active,278.315,3.3318,2,4,28900,4.539102157
CHEMBL4469532,N#Cc1cccc(Nc2nc(-c3ccc[nH]3)nc3ccccc23)c1,7.98,inactive,311.348,4.24018,2,4,7.98,8.097997109
CHEMBL4563172,O=C(c1ccc2c(c1)OCCO2)C1CCN(C(=O)c2ccc(-n3cccn3)cc2)CC1,10400,inactive,417.465,3.3786,0,6,10400,4.982966661
CHEMBL4518044,Cc1cc(C)c2c(n1)sc1c(N3CCN(Cc4ccccc4Cl)CC3)ncnc12,8680,inactive,423.973,4.83194,0,6,8680,5.061480275
CHEMBL4450005,O=C(/C=C/c1ccc(OCc2ccccc2)cc1)c1ccc(O)cc1,9210,inactive,330.383,4.8673,1,3,9210,5.03574037
CHEMBL4458524,O=C(/C=C/c1cccs1)c1ccc(O)cc1,18200,inactive,230.288,3.3498,1,3,18200,4.739928612
CHEMBL4282762,COc1cc(/C=C/C(=O)c2ccc(OCC(=O)Nc3ccc4c(c3)COC4=O)cc2)cc(OC)c1OC,8440,inactive,503.507,4.2964,1,8,8440,5.073657553
CHEMBL4202737,COc1cc(C(=O)/C=C/c2cc(OC)c(OC)c(OC)c2)ccc1OCC(=O)Nc1ccc2c(c1)COC2=O,11400,inactive,533.533,4.305,1,9,11400,4.943095149
CHEMBL4278957,COc1ccc(NC(=O)COc2ccc(C(=O)/C=C/c3ccco3)cc2)cc1OC,5400,inactive,407.422,4.2104,1,6,5400,5.26760624
CHEMBL4474709,COc1ccc(-c2c(OCC(=O)Nc3cccc4ccccc34)oc3ccccc3c2=O)cc1,5090,active,451.478,5.6393,1,5,5090,5.293282218
CHEMBL4446671,COc1ccc(Nc2nc(-c3ccccc3)nc3ccccc23)cc1F,872,active,345.377,5.1881,1,4,872,6.059483515
CHEMBL4513952,Cc1cc(Nc2nc(-c3ccccc3)nc3ccccc23)ccc1I,1460,active,437.284,5.95342,1,3,1460,5.835647144
CHEMBL118538,Clc1ccc(Nc2nc(-c3ccccc3)nc3ccccc23)cc1,830,active,331.806,5.6938,1,3,830,6.080921908
CHEMBL4441055,Ic1cccc(Nc2nc(-c3ccccc3)nc3ccccc23)c1,791,active,423.257,5.645,1,3,791,6.101823517
CHEMBL1624741,O=C(O)c1ccc(Nc2nc(-c3ccccc3)nc3ccccc23)cc1,6380,active,341.37,4.7386,2,4,6380,5.195179321
CHEMBL4453876,C#Cc1cccc(Nc2nc(-c3ccccc3)nc3ccccc23)c1,672,active,321.383,5.0217,1,3,672,6.172630727
CHEMBL4462578,CSc1cccc(Nc2cc(-c3ccccc3)nc3ccccc23)c1,1900,active,342.467,6.3673,1,3,1900,5.721246399
CHEMBL4530796,N#Cc1ccc(Nc2cc(-c3ccccc3)nc3ccccc23)cc1,846,active,321.383,5.51708,1,3,846,6.072629637
CHEMBL1307877,CC(=O)Nc1cccc(Nc2nc(-c3ccccc3)nc3ccccc23)c1,278,active,354.413,4.9988,2,4,278,6.555955204
CHEMBL4528016,O=S(=O)(F)c1ccc(Nc2nc(-c3ccccc3)nc3ccccc23)cc1,556,active,379.416,4.6986,1,5,556,6.254925208
CHEMBL4517488,O=C(c1ccccc1)N1CCc2c([nH]c3ccccc23)C1c1ccc(Cl)cc1,784,active,386.882,5.6092,1,1,784,6.105683937
CHEMBL4571543,COc1ccc(C(=O)N2CCc3c([nH]c4ccccc34)C2c2cccc(Cl)c2)cc1,883,active,416.908,5.6178,1,2,883,6.054039296
CHEMBL4559337,COc1ccc(C(=O)N2CCc3c([nH]c4ccccc34)C2c2ccccc2)cc1,1750,active,382.463,4.9644,1,2,1750,5.756961951
CHEMBL4534271,O=C(c1ccc(Cl)cc1)N1CCc2c([nH]c3ccccc23)C1c1ccc(Br)cc1,1780,active,465.778,6.3717,1,1,1780,5.749579998
CHEMBL4483061,O=C(c1ccccc1)N1CCc2c([nH]c3ccccc23)C1c1ccc(Cl)c(Cl)c1,328,active,421.327,6.2626,1,1,328,6.484126156
CHEMBL4549202,O=C(c1ccccc1)N1CCc2c([nH]c3ccccc23)C1c1cccc(Cl)c1,869,active,386.882,5.6092,1,1,869,6.060980224
CHEMBL269538,COc1ccc2c(c1)[nH]c1c(C)nccc12,5080,active,212.252,3.03312,1,2,5080,5.294136288
CHEMBL4581843,O=C(c1ccccc1)N1CCc2c([nH]c3ccccc23)C1c1ccccc1,196,active,352.437,4.9558,1,1,196,6.707743929
CHEMBL4534001,COc1ccc(C(=O)N2CCc3c([nH]c4ccccc34)C2c2ccc(Cl)c(Cl)c2)cc1,26,active,451.353,6.2712,1,2,26,7.585026652
CHEMBL4536788,COc1ccc2[nH]c3c(c2c1)CCN(C(=O)c1ccccc1)C3c1ccc(Cl)c(Cl)c1,29,active,451.353,6.2712,1,2,29,7.537602002
CHEMBL139702,C=CC(C)(C)c1cc(/C=C/C(=O)c2ccc(O)cc2)c(OC)cc1O,18.75,active,338.403,4.4661,2,4,18.75,7.726998728
CHEMBL4633247,COc1ccc2c3c([nH]c2c1)[C@H](CC(C)C)N1C(=O)[C@H](CCOC(=O)C(C)(C)C)NC(=O)[C@@H]1C3,4.62,inactive,469.582,3.4948,2,5,4.62,8.335358024
CHEMBL4786467,COc1ccc(/C(C#N)=C/c2ccc(N3CCC(O)CC3)s2)cc1OC,3345,active,370.474,3.79058,1,6,3345,5.475603878
CHEMBL4744075,COCCOCCOCCOc1cc2c(cc1OC)CCN(Cc1ccc(-n3cc(-c4ccc(C(=O)OC)c(NC(=O)c5ccc6ccccc6n5)c4)nn3)cc1)C2,153,active,786.886,6.1467,1,13,153,6.815308569
CHEMBL4783985,COC(=O)c1ccc(-c2cn(-c3ccc(CCN4CCc5ccccc5C4)cc3)nn2)cc1NC(=O)c1ccc2ccccc2n1,486,active,608.702,6.1222,1,8,486,6.313363731
CHEMBL4747726,COC(=O)c1ccc(-c2cn(-c3ccc(CCN4CCc5cc(OC)c(OC)cc5C4)cc3)nn2)cc1NC(=O)c1ccc2ccccc2n1,617,active,668.754,6.1394,1,10,617,6.209714836
CHEMBL4753800,COCCOCCOCCOc1cc2c(cc1OC)CCN(CCc1ccc(-n3cc(-c4ccc(C(=O)OC)c(NC(=O)c5ccc6ccccc6n5)c4)nn3)cc1)C2,144,active,800.913,6.1892,1,13,144,6.841637508
CHEMBL4764773,CCC(=O)c1ccc(-c2cn(-c3ccc(CCN4CCc5cc(OC)c(OC)cc5C4)cc3)nn2)cc1NC(=O)c1ccc2ccccc2n1,79,active,666.782,6.9455,1,9,79,7.102372909
CHEMBL4748169,COc1cc2c(cc1OC)CN(CCc1ccc(-n3cc(-c4ccc(C(=O)C(C)C)c(NC(=O)c5ccc6ccccc6n5)c4)nn3)cc1)CC2,295,active,680.809,7.1915,1,9,295,6.530177984
CHEMBL4790452,CCC(=O)c1ccc(-c2cn(-c3ccc(CCN4CCc5cc(OC)c(OCCOCCOCCOC)cc5C4)cc3)nn2)cc1NC(=O)c1ccc2ccccc2n1,81,active,798.941,6.9953,1,12,81,7.091514981
CHEMBL4069428,Cc1cc(Nc2ccc(C#N)cc2)nc(-c2ccccc2)n1,189,active,286.338,4.0673,1,4,189,6.723538196
CHEMBL4747679,CNc1cc(Nc2ccc(C#N)cc2)nc(-c2ccccc2)n1,141,active,301.353,3.80058,2,5,141,6.850780887
CHEMBL4782268,CC(C)Nc1cc(Nc2ccc(C#N)cc2)nc(-c2ccccc2)n1,763,active,329.407,4.57918,2,5,763,6.117475462
CHEMBL4764020,N#Cc1ccc(Nc2cc(-c3ccccc3)nc(-c3ccccc3)n2)cc1,4410,active,348.409,5.42588,1,4,4410,5.355561411
CHEMBL4762956,N#Cc1ccc(Nc2cc(Nc3ccccc3)nc(-c3ccccc3)n2)cc1,169,active,363.424,5.50248,2,5,169,6.772113295
CHEMBL4792783,N#Cc1ccc(Nc2cc(NCCCc3ccccc3)nc(-c3ccccc3)n2)cc1,96,active,405.505,5.80358,2,5,96,7.017728767
CHEMBL4752426,N#Cc1ccc(Nc2cc(NCCCCc3ccccc3)nc(-c3ccccc3)n2)cc1,147,active,419.532,6.19368,2,5,147,6.832682665
CHEMBL4741738,N#Cc1ccc(Nc2cc(NCc3cccnc3)nc(-c3ccccc3)n2)cc1,373,active,378.439,4.76598,2,6,373,6.428291168
CHEMBL4794767,N#Cc1ccc(Nc2cc(NCc3ccncc3)nc(-c3ccccc3)n2)cc1,435,active,378.439,4.76598,2,6,435,6.361510743
CHEMBL4754067,N#Cc1ccc(Nc2cc(Nc3cccc(O)c3)nc(-c3ccccc3)n2)cc1,608,active,379.423,5.20808,3,6,608,6.216096421
CHEMBL4761715,N#Cc1ccc(Nc2cc(Nc3ccc(C#N)cc3)nc(-c3ccccc3)n2)cc1,133,active,388.434,5.37416,2,6,133,6.876148359
CHEMBL4797455,N#Cc1ccc(Nc2ccnc(-c3ccccc3)n2)cc1,274,active,272.311,3.75888,1,4,274,6.562249437
CHEMBL4762759,Cc1cc(Nc2ccc(C#N)c(C#N)c2)nc(-c2ccccc2)n1,188,active,311.348,3.93898,1,5,188,6.725842151
CHEMBL4751863,Cc1cc(Nc2ccc(C#N)c(C)c2)nc(-c2ccccc2)n1,93.5,active,300.365,4.37572,1,4,93.5,7.029188389
CHEMBL4765062,Cc1cc(Nc2ccc([N+](=O)[O-])cc2)nc(-c2ccccc2)n1,52.2,active,306.325,4.10382,1,5,52.2,7.282329497
CHEMBL4748997,Cc1cc(Nc2cccc(F)c2)nc(-c2ccccc2)n1,1110,active,279.318,4.33472,1,3,1110,5.954677021
CHEMBL4763005,Cc1cc(Nc2cccc(Br)c2)nc(-c2ccccc2)n1,892,active,340.224,4.95812,1,3,892,6.049635146
CHEMBL4756938,Cc1cc(Nc2ccc(C#N)c(C(F)(F)F)c2)nc(-c2ccccc2)n1,69.3,active,354.335,5.0861,1,4,69.3,7.159266765
CHEMBL4755555,Cc1cc(Nc2ccc([N+](=O)[O-])c(Cl)c2)nc(-c2ccccc2)n1,58.9,active,340.77,4.75722,1,5,58.9,7.229884705
CHEMBL4785265,COc1ccc(Nc2cc(C)nc(-c3ccccc3)n2)cc1F,861,active,309.344,4.34332,1,4,861,6.064996849
CHEMBL4757306,COc1ccc(Nc2cc(C)nc(-c3ccccc3)n2)cc1C(F)(F)F,598,active,359.351,5.22302,1,4,598,6.223298816
CHEMBL4799150,Cc1cc(Nc2ccc3c(c2)OCCO3)nc(-c2ccccc2)n1,808,active,319.364,3.96682,1,5,808,6.092588639
CHEMBL4756782,COc1cccc(Nc2cc(C)nc(-c3ccccc3)n2)c1,503,active,291.354,4.20422,1,4,503,6.298432015
CHEMBL4758927,Cc1cc(Nc2ccc(F)c(C#N)c2)nc(-c2ccccc2)n1,86.1,active,304.328,4.2064,1,4,86.1,7.064996849
CHEMBL4756383,Cc1cc(Nc2ccc(C#N)c(Br)c2)nc(-c2ccccc2)n1,59.4,active,365.234,4.8298,1,4,59.4,7.226213555
CHEMBL4740442,Cc1cc(Nc2ccc(F)c([N+](=O)[O-])c2)nc(-c2ccccc2)n1,771,active,324.315,4.24292,1,5,771,6.112945622
CHEMBL4787000,Cc1cc(Nc2ccc3nccnc3c2)nc(-c2ccccc2)n1,312,active,313.364,4.13882,1,5,312,6.505845406
CHEMBL4762363,COC(=O)c1ccc(Br)cc1NC(=O)c1ccc2ccccc2n1,1918,active,385.217,4.0362,1,4,1918,5.717151397
CHEMBL4779349,CCC(=O)c1ccc(-c2cn(CCO)nn2)cc1NC(=O)c1cc(=O)c2ccccc2o1,1102,active,432.436,2.8888,2,8,1102,5.957818405
CHEMBL4758272,Cc1ccc(-c2cn(CCN3CCCC3)nn2)c(NC(=O)c2cc(=O)c3ccccc3o2)c1,109,active,443.507,3.70802,1,7,109,6.962573502
CHEMBL4785022,Cc1ccc(-c2cn(CCO)nn2)c(NC(=O)c2cc(=O)c3ccccc3o2)c1,447,active,390.399,2.60452,2,7,447,6.349692477
CHEMBL4745106,CCC(=O)c1ccc(-c2cn(-c3ccc(CCN4CCc5cc(OC)c(OC)cc5C4)cc3)nn2)cc1NC(=O)c1ccc2ccccc2c1,249,active,665.794,7.5505,1,8,249,6.603800653
CHEMBL4745379,CCC(=O)c1ccc(-c2cn(-c3ccc(CCN4CCc5cc(OC)c(OC)cc5C4)cc3)nn2)cc1NC(=O)c1cccc(Cl)n1,116,active,651.167,6.4457,1,9,116,6.935542011
CHEMBL4779380,CCC(=O)c1ccc(-c2cn(-c3ccc(CCN4CCc5cc(OC)c(OC)cc5C4)cc3)nn2)cc1NC(=O)c1cccc(OC)n1,322,active,646.748,5.8009,1,10,322,6.492144128
CHEMBL4797601,CCC(=O)c1ccc(-c2cn(-c3ccc(CCN4CCc5cc(OC)c(OC)cc5C4)cc3)nn2)cc1NC(=O)c1cccc([N+](=O)[O-])n1,70,active,661.719,5.7005,1,11,70,7.15490196
CHEMBL4746640,CCC(=O)c1ccc(-c2cn(-c3ccc(CCN4CCc5cc(OC)c(OC)cc5C4)cc3)nn2)cc1NC(=O)c1cccc(N)n1,82,active,631.737,5.3745,2,10,82,7.086186148
CHEMBL4760910,CSCC[C@H](NC(=O)OC(C)(C)C)C(=O)O[C@H]1CC[C@]2(C)[C@H]3C[C@@H](O)[C@@H]4[C@@H]([C@]5(C)CC[C@@H](C(C)(C)O)O5)CC[C@@]4(C)[C@]3(C)CC[C@H]2C1(C)C,1459.28,active,708.059,7.9091,3,8,1459.28,5.83586137
CHEMBL4874743,COc1cccc(CCn2c3c(c4c(OCCOc5cccc6c5c5c(n6CCc6cccc(OC)c6)-c6ccccc6C5=O)cccc42)C(=O)c2ccccc2-3)c1,38.4,active,764.878,9.9792,0,8,38.4,7.415668776
CHEMBL4875810,COc1cccc(CCn2c3c(c4c(O)cccc42)C(=O)c2ccccc2-3)c1,732,active,369.42,4.8096,1,4,732,6.135488919
CHEMBL4851961,COc1cccc(CCn2c3c(c4c(OCCCCOc5cccc6c5c5c(n6CCc6cccc(OC)c6)-c6ccccc6C5=O)cccc42)C(=O)c2ccccc2-3)c1,24.1,active,792.932,10.7594,0,8,24.1,7.617982957
CHEMBL4852670,COc1cccc(CCn2c3c(c4c(OCCCCCCOc5cccc6c5c5c(n6CCc6cccc(OC)c6)-c6ccccc6C5=O)cccc42)C(=O)c2ccccc2-3)c1,27.4,active,820.986,11.5396,0,8,27.4,7.562249437
CHEMBL3353414,CC1CC(=O)c2c3c(n(CCc4ccccc4)c2C1)-c1ccccc1C3=O,768,active,355.437,4.7072,0,3,768,6.11463878
CHEMBL4852014,CC1CC(=O)c2c3c(n(CCc4ccccc4)c2C1)-c1cc(OCCCCOc2ccc4c(c2)-c2c(c5c(n2CCc2ccccc2)CC(C)CC5=O)C4=O)ccc1C3=O,867,active,796.964,9.9658,0,8,867,6.061980903
CHEMBL4865120,COc1cccc(CCn2c3c(c4c(OCCCCOc5ccc6c(c5)-c5c(c7c(n5CCc5ccccc5)CC(C)CC7=O)C6=O)cccc42)C(=O)c2ccccc2-3)c1,132.7,active,794.948,10.3626,0,8,132.7,6.877129077
CHEMBL4876781,COc1cccc(CCn2c3c(c4c(OCCCCCCOc5ccc6c(c5)-c5c(c7c(n5CCc5ccccc5)CC(C)CC7=O)C6=O)cccc42)C(=O)c2ccccc2-3)c1,32.6,active,823.002,11.1428,0,8,32.6,7.4867824
CHEMBL4870580,COc1ccc2nc(C(F)(F)F)nc(N(Cc3nc(-c4cccnc4)no3)C(C)C)c2c1,4450,inactive,444.417,4.5172,0,8,4450,5.351639989
CHEMBL4860718,Cc1ccc2cccc(S(=O)(=O)N3CCN(c4nccc5sccc45)CC3)c2n1,14200,inactive,424.551,3.66382,0,6,14200,4.847711656
CHEMBL4872659,Cc1ccnc2sc(C(=O)N3CCN(C(=O)c4[nH]nc5ccccc45)CC3)c(C)c12,20300,inactive,419.51,3.38764,1,5,20300,4.692503962
CHEMBL4860314,Cc1nsc(N2CCCN(Cc3cc4ccccc4nc3N3CCOCC3)CC2)n1,18600,inactive,424.574,2.94362,0,8,18600,4.730487056
CHEMBL4860437,Cc1nn(C)c(Cl)c1Cc1noc(-c2sc3nc(C(F)(F)F)ccc3c2C)n1,7330,inactive,427.839,4.95964,0,7,7330,5.134896025
CHEMBL4846288,COc1ccc(Nc2cc(NCCc3nnc(C(C)C)s3)ncn2)c(OC)c1,8110,inactive,400.508,3.8669,2,9,8110,5.090979146
CHEMBL4879245,CCN(c1ccccc1)c1cc(NCCc2nnc(C(C)C)s2)ncn1,17400,inactive,368.51,4.2641,1,7,17400,4.759450752
CHEMBL4594298,COc1cc2c(cc1OC)CN(CCc1ccc(-n3nnc(-c4cc(OC)c(OC)cc4NC(=O)c4cc(=O)c5ccccc5o4)n3)cc1)CC2,3717,active,688.741,5.3232,1,12,3717,5.429807439
CHEMBL5088809,COc1cc(OC)c2c(c1)O[C@H](c1ccc(OC)c(OC)c1)[C@H](OC(=O)c1ccc(F)c(NC(=O)c3cc(OC)c(OC)c(OC)c3)c1)C2,100.8,active,677.678,6.04,1,11,100.8,6.996539468
CHEMBL672,CC(C)OC(=O)C(C)(C)Oc1ccc(C(=O)c2ccc(Cl)cc2)cc1,5100,active,360.837,4.68,0,4,5100,5.292429824
CHEMBL1164729,Cc1nc(-c2ccc(OCC(C)C)c(C#N)c2)sc1C(=O)O,27,inactive,316.382,3.7232,1,5,27,7.568636236
CHEMBL908,CN(C)CC/C=C1/c2ccccc2Sc2ccc(Cl)cc21,42000,inactive,315.869,5.188,0,2,42000,4.37675071
CHEMBL374975,CC(=O)O[C@H]1C[C@@]2(C)[C@@H](C[C@@H](O)[C@H]3[C@@]4(C)CC[C@@H](O)[C@@H](C)[C@@H]4CC[C@@]32C)/C1=C(\CCC=C(C)C)C(=O)O,52000,inactive,516.719,5.6661,3,5,52000,4.283996656
CHEMBL267345,C[C@@H]1[C@H](O)[C@@H](C)/C=C/C=C/C=C/C=C/C=C/C=C/C=C/[C@H](O[C@@H]2O[C@H](C)[C@@H](O)[C@H](N)[C@@H]2O)C[C@@H]2O[C@](O)(C[C@@H](O)C[C@@H](O)[C@H](O)CC[C@@H](O)C[C@@H](O)CC(=O)O[C@H]1C)C[C@H](O)[C@H]2C(=O)O,127000,inactive,924.091,0.7117,12,17,127000,3.896196279
CHEMBL561057,CC(C)=CCC/C(C)=C/CNCCNC1C2CC3CC(C2)CC1C3,5500,inactive,330.56,4.683,2,2,5500,5.259637311
CHEMBL1380,Nc1nc(NC2CC2)c2ncn([C@H]3C=C[C@@H](CO)C3)c2n1,385000,inactive,286.339,1.0923,3,7,385000,3.41453927
CHEMBL116,CC(C)CN(C[C@@H](O)[C@H](Cc1ccccc1)NC(=O)O[C@H]1CCOC1)S(=O)(=O)c1ccc(N)cc1,181000,inactive,505.637,2.4028,3,7,181000,3.742321425
CHEMBL1163,COC(=O)N[C@H](C(=O)N[C@@H](Cc1ccccc1)[C@@H](O)CN(Cc1ccc(-c2ccccn2)cc1)NC(=O)[C@@H](NC(=O)OC)C(C)(C)C)C(C)(C)C,69100,inactive,704.869,4.2116,5,9,69100,4.160521953
CHEMBL593,CC(C)Nc1cccnc1N1CCN(C(=O)c2cc3cc(NS(C)(=O)=O)ccc3[nH]2)CC1,18700,inactive,456.572,2.7171,3,6,18700,4.728158393
CHEMBL223228,O=C1Nc2ccc(Cl)cc2[C@@](C#CC2CC2)(C(F)(F)F)O1,20600,inactive,315.678,4.0731,1,2,20600,4.68613278
CHEMBL172,O[C@@H](c1cc(C(F)(F)F)nc2c(C(F)(F)F)cccc12)[C@H]1CCCCN1,18000,inactive,378.316,4.4479,2,3,18000,4.744727495
CHEMBL1377,CC(C)NC(=N)NC(=N)Nc1ccc(Cl)cc1,118000,inactive,253.737,2.20904,5,2,118000,3.928117993
CHEMBL1219,COCCCOc1ccnc(C[S+]([O-])c2nc3ccccc3[nH]2)c1C,8500,inactive,359.451,2.98942,1,5,8500,5.070581074
CHEMBL1428,COCCOC(=O)C1=C(C)NC(C)=C(C(=O)OC(C)C)C1c1cccc([N+](=O)[O-])c1,13700,inactive,418.446,2.9708,1,8,13700,4.863279433
CHEMBL1275655,COC(=O)C1=C(C)NC(C)=C(C(=O)OCCCN2CCC(c3ccccc3)(c3ccccc3)CC2)C1c1cccc([N+](=O)[O-])c1,6100,inactive,609.723,6.018,1,8,6100,5.214670165
CHEMBL475534,CCOC(=O)C1=C(C)NC(C)=C(C(=O)OC)C1c1cccc([N+](=O)[O-])c1,21100,inactive,360.366,2.5657,1,7,21100,4.675717545
CHEMBL269732,C=CC[C@@H]1/C=C(\C)C[C@H](C)C[C@H](OC)[C@H]2O[C@@](O)(C(=O)C(=O)N3CCCC[C@H]3C(=O)O[C@H](/C(C)=C/[C@@H]3CC[C@@H](O)[C@H](OC)C3)[C@H](C)[C@@H](O)CC1=O)[C@H](C)C[C@@H]2OC,3300,active,804.031,4.639,3,12,3300,5.48148606
CHEMBL4444486,COc1ccc2[nH]cc(CCNC(=O)c3cc(=O)c4c(OCc5ccc(Br)cc5Br)cccc4o3)c2c1,46,active,626.301,6.3594,2,5,46,7.337242168
CHEMBL1171837,Cc1ccc(C(=O)Nc2ccc(CN3CCN(C)CC3)c(C(F)(F)F)c2)cc1C#Cc1cnc2cccnn12,40,inactive,532.57,4.45602,1,6,40,7.397940009
CHEMBL113,Cn1c(=O)c2c(ncn2C)n(C)c1=O,14000000,inactive,194.194,-1.0293,0,6,14000000,1.853871964
CHEMBL5190525,COc1cc(C(=O)[O-])ccc1CSc1ccncc1N(C)c1ccc(C#N)c2ccccc12.[Na+],34780,inactive,454.531,4.53878,0,7,34780,4.458670422
CHEMBL5202967,N#Cc1ccc(Nc2cnccc2SCc2ccccc2C(=O)[O-])c2ccccc12.[Na+],26740,inactive,410.478,4.50588,1,6,26740,4.572838597
CHEMBL5178161,N#Cc1ccc(Oc2cnccc2SCCCC(=O)[O-])c2ccccc12.[Na+],27890,inactive,363.418,3.52098,0,6,27890,4.554551486
CHEMBL5171777,COc1cc(CCNC2=NC(C#Cc3ccc(Cl)s3)=NC3=NC=NC32)ccc1O,4980,active,425.901,2.9191,2,8,4980,5.302770657
CHEMBL5169644,CCOC(=O)[C@]12C[C@@H]1[C@@H](n1ccc3c(NCCc4ccccc4)nc(C#Cc4ccccc4)nc31)[C@H](O)[C@@H]2O,440,active,522.605,3.3316,3,8,440,6.356547324
CHEMBL4204794,Cn1cc(-c2cc3c(N4CCN(c5ncc([C@@](C)(N)c6ccc(F)cc6)cn5)CC4)ncnn3c2)cn1,1.5,active,498.57,2.6077,1,10,1.5,8.823908741
CHEMBL3394488,CCN(CC)CCCNc1cc(C)nc2c3cc4ccccc4nc3nn12,40.6,inactive,362.481,3.88292,1,6,40.6,7.391473966
CHEMBL5219884,COc1ccc(-c2c3occc3c(OC[C@H]3OC3(C)C)c3ccc(=O)oc23)cc1OC,43070,inactive,422.433,4.7796,0,7,43070,4.365825128
CHEMBL464795,C=CC(O)C#CC#CC/C=C\CCCCCCC,41700,inactive,244.378,3.8469,1,1,41700,4.379863945
CHEMBL464796,C=CC(O)C#CC#CC(O)/C=C\CCCCCCC,29700,active,260.377,2.8177,2,2,29700,4.527243551
CHEMBL27861,N#Cc1c2n(c3c(N4CCN(CCc5c[nH]c6ccccc56)CC4)ncnc13)CCCC2,3410,inactive,425.54,3.48528,1,6,3410,5.467245621
CHEMBL5283433,N#Cc1cn(Cc2ccccc2)c2c(NCCCc3ccccc3)ncnc12,20414,inactive,367.456,4.39598,1,5,20414,4.69007189
CHEMBL5275704,N#Cc1c2n(c3c(N4CCN(c5ccccn5)CC4)ncnc13)CCCC2,4860,inactive,359.437,2.36088,0,7,4860,5.313363731
CHEMBL5266836,CCn1cc(C#N)c2ncnc(N3CCN(CCc4c[nH]c5ccccc45)CC3)c21,13800,inactive,399.502,3.16888,1,6,13800,4.860120914
CHEMBL5291355,N#Cc1cn(C2CC2)c2c(N3CCN(CCc4c[nH]c5ccccc45)CC3)ncnc12,18900,inactive,411.513,3.48388,1,6,18900,4.723538196
CHEMBL4468057,N#Cc1c2n(c3c(N4CCN(Cc5ccc6c(c5)OCO6)CC4)ncnc13)CCCC2,14600,inactive,416.485,2.69018,0,8,14600,4.835647144
CHEMBL5271240,N#Cc1c2n(c3c(N4CCN(Cc5ccc6c(c5)OCO6)CC4)ncnc13)CCCCC2,23700,inactive,430.512,3.08028,0,8,23700,4.625251654
CHEMBL5290476,N#Cc1c2n(c3c(N4CCN(C(=O)c5ccco5)CC4)ncnc13)CCCC2,29500,inactive,376.42,2.19468,0,7,29500,4.530177984
CHEMBL5287304,N#Cc1c2n(c3c(N4CCN(C(=O)c5ccco5)CC4)ncnc13)CCCCC2,12900,inactive,390.447,2.58478,0,7,12900,4.88941029
CHEMBL5286694,c1ccc2c(CCN3CCN(c4ncnc5c4[nH]c4ccccc45)CC3)c[nH]c2c1,6210,inactive,396.498,3.9571,2,4,6210,5.2069084
CHEMBL5439993,O=C(c1cc(Cl)c(O)c(Cl)c1)n1ccc2cccnc21,4040,active,307.136,3.7372,1,4,4040,5.393618635
CHEMBL388590,CCc1oc2ccccc2c1C(=O)c1cc(Br)c(O)c(Br)c1,340,active,424.088,5.4568,1,3,340,6.468521083
CHEMBL4594446,O=C(c1cc(Cl)c(O)c(Cl)c1)N1CS(=O)(=O)c2ccccc21,37.2,active,358.202,3.0906,1,4,37.2,7.42945706
CHEMBL327105,C[C@@H](O)C1=C[C@@H](n2cnc3c(N)ncnc32)[C@H](O)[C@@H]1O,0.04,active,277.284,-1.0078,4,8,0.04,10.39794001
CHEMBL8771,Nc1ncnc2c1ncn2[C@@H]1C=C(CO)[C@@H](O)[C@H]1O,0.2,active,263.257,-1.3963,4,8,0.2,9.698970004
CHEMBL609533,C[C@H]1OC(c2n[nH]c(C(N)=O)c2O)[C@H](O)[C@@H]1O,5.5,active,243.219,-1.6042,5,6,5.5,8.259637311
CHEMBL122235,C1=CN=CNC1,11,active,82.106,0.1316,1,2,11,7.958607315
CHEMBL113259,C[C@H](O)C1=C[C@@H](n2cnc3c(N)ncnc32)[C@H](O)[C@@H]1O,40,active,277.284,-1.0078,4,8,40,7.397940009
CHEMBL1643,NC(=O)c1ncn([C@@H]2O[C@H](CO)[C@@H](O)[C@H]2O)n1,45,inactive,244.207,-3.0115,4,8,45,7.346787486
CHEMBL69291,CCS(N)(=O)=O,1000000,inactive,109.15,-0.7052,1,2,1000000,3
CHEMBL3360801,CC(=C(C#N)C#N)c1sc2sc(C(C)=C(C#N)C#N)c(-c3ccccc3)c2c1C,441720,inactive,410.527,6.57954,0,6,441720,3.354852937
CHEMBL750,NS(=O)(=O)Cc1noc2ccccc12,1860,active,212.23,0.6163,1,4,1860,5.730487056
CHEMBL329625,COC(=O)CC(=O)Nc1nnc(S(N)(=O)=O)s1,940,active,280.287,-1.3129,2,8,940,6.026872146
CHEMBL328566,COC(=O)CCCCCCCC(=O)Nc1nnc(S(N)(=O)=O)s1,910,active,364.449,1.0277,2,8,910,6.040958608
CHEMBL117010,NC(=O)CSCc1ccc(S(N)(=O)=O)cc1,770,active,260.34,0.0525,2,4,770,6.113509275
CHEMBL91131,CCOC(=O)CCC(=O)Nc1nnc(S(N)(=O)=O)s1,730,active,308.341,-0.5327,2,8,730,6.13667714
CHEMBL92500,COC(=O)CCC(=O)Nc1nnc(S(N)(=O)=O)s1,550,active,294.314,-0.9228,2,8,550,6.259637311
CHEMBL91622,CCCCCCCCCCCCOC(=O)CCC(=O)Nc1nnc(S(N)(=O)=O)s1,520,active,448.611,3.3683,2,8,520,6.283996656
CHEMBL264307,NS(=O)(=O)c1nnc(NC(=O)CCCCCCCC(=O)O)s1,480,active,350.422,0.9393,3,7,480,6.318758763
CHEMBL91512,COC(=O)CCC(=O)/N=c1/sc(S(N)(=O)=O)nn1C,450,active,308.341,-1.4905,1,8,450,6.346787486
CHEMBL91302,NCCCCC(=O)Nc1nnc(S(N)(=O)=O)s1,440,active,279.347,-0.747,3,7,440,6.356547324
CHEMBL90119,CCCCCOC(=O)CCC(=O)Nc1nnc(S(N)(=O)=O)s1,390,active,350.422,0.6376,2,8,390,6.408935393
CHEMBL420799,CCC(C)OC(=O)CCC(=O)Nc1nnc(S(N)(=O)=O)s1,370,active,336.395,0.2459,2,8,370,6.431798276
CHEMBL88183,CCCCCOC(=O)CCC(=O)/N=c1/sc(S(N)(=O)=O)nn1C,310,active,364.449,0.0699,1,8,310,6.508638306
CHEMBL328270,COC(=O)CCCCC(=O)Nc1nnc(S(N)(=O)=O)s1,230,active,322.368,-0.1426,2,8,230,6.638272164
CHEMBL115647,NS(=O)(=O)c1ccc(CSCc2ccc(C(=O)O)cc2)cc1,84,active,337.422,2.4656,2,4,84,7.075720714
CHEMBL62782,NS(=O)(=O)C1=NN2C(=NC(=O)NS2(=O)=O)S1,50,active,285.288,-2.0813,2,7,50,7.301029996
CHEMBL303108,NS(=O)(=O)c1nn2c(O)cc(=O)nc2s1,37,active,248.245,-1.496,2,8,37,7.431798276
CHEMBL293684,Cn1nc(S(N)(=O)=O)s/c1=N\C(=O)C(F)(F)F,20,active,290.248,-0.8814,1,6,20,7.698970004
CHEMBL423848,NS(=O)(=O)c1nn2c(=O)n(CCCl)c(=O)nc2s1,18,active,311.732,-1.8011,1,9,18,7.744727495
CHEMBL65455,NS(=O)(=O)C1=NN2CCS(=O)(=O)N=C2S1,14,inactive,270.317,-1.7059,1,7,14,7.853871964
CHEMBL560175,COc1cc(O)c(/C=C\C(=O)O)cc1[C@@H](O)CC(C)C,27900,active,280.32,2.5781,3,4,27900,4.554395797
CHEMBL20,CC(=O)Nc1nnc(S(N)(=O)=O)s1,357,inactive,222.251,-0.8561,2,6,357,6.447331784
CHEMBL3613781,COc1ccc2c(c1)CCCN2C(=O)c1ccc(S(N)(=O)=O)cc1,50000,active,346.408,1.9356,1,4,50000,4.301029996
CHEMBL302779,COc1ccc(S(=O)(=O)N[C@@H](CCCNC(=O)N[C@H](C)c2cccc3ccccc23)C(=O)NO)cc1,1600,active,514.604,2.8413,5,6,1600,5.795880017
CHEMBL291796,COc1ccc(S(=O)(=O)N(Cc2ccc3c(c2)OCO3)[C@H](CCCNC(=O)NCc2ccccc2)C(=O)NO)cc1,58,active,584.651,2.7684,4,8,58,7.236572006
CHEMBL294344,COc1ccc(S(=O)(=O)N[C@H](CCCNC(=O)N[C@H](C)c2ccccc2)C(=O)NO)cc1,110,active,464.544,1.6881,5,6,110,6.958607315
CHEMBL62614,COc1ccc(S(=O)(=O)N[C@H](CCCNC(=O)N[C@H](C)c2cccc3ccccc23)C(=O)NO)cc1,160,active,514.604,2.8413,5,6,160,6.795880017
CHEMBL304575,COc1ccc(S(=O)(=O)N[C@@H](CCCNC(=O)Nc2cccc(F)c2)C(=O)NO)cc1,4000,active,454.48,1.5885,5,6,4000,5.397940009
CHEMBL303373,COc1ccc(S(=O)(=O)N(Cc2ccc3c(c2)OCO3)[C@H](CCCNC(=O)OCc2cccc([N+](=O)[O-])c2)C(=O)NO)cc1,38,active,630.632,3.1036,3,11,38,7.420216403
CHEMBL63252,COc1ccc(S(=O)(=O)N[C@@H](CCCNC(=O)N[C@H](C)c2ccccc2)C(=O)NO)cc1,2100,active,464.544,1.6881,5,6,2100,5.677780705
CHEMBL291863,COc1ccc(S(=O)(=O)N[C@H](CCCNC(=O)C2CC2)C(=O)NO)cc1,770,active,385.442,0.1539,4,6,770,6.113509275
CHEMBL293848,COc1ccc(S(=O)(=O)N[C@@H](CCCNC(=O)NCCc2cccs2)C(=O)NO)cc1,5500,active,470.573,1.2311,5,7,5500,5.259637311
CHEMBL66263,COC(=O)[C@@H](Cc1ccccc1)NC(=O)NCCC[C@H](NS(=O)(=O)c1ccc(OC)cc1)C(=O)NO,5900,active,522.58,0.7112,5,8,5900,5.229147988
CHEMBL65382,COc1ccc(S(=O)(=O)N[C@H](CCC/N=C(\S)NC2CCCCC2)C(=O)NO)cc1,1700,active,458.606,1.8358,5,6,1700,5.769551079
CHEMBL305227,CCCNC(=O)NCCC[C@H](C(=O)NO)N(Cc1ccc2c(c1)OCO2)S(=O)(=O)c1ccc(OC)cc1,97,active,536.607,1.9782,4,8,97,7.013228266
CHEMBL65566,COc1ccc(S(=O)(=O)N[C@H](CCCNC(=O)C(C)C)C(=O)NO)cc1,1400,active,387.458,0.3999,4,6,1400,5.853871964
CHEMBL63287,C[C@@H](NC(=O)NCCC[C@@H](NS(=O)(=O)c1ccc(Cl)s1)C(=O)NO)c1ccccc1,9600,active,474.992,2.3944,5,6,9600,5.017728767
CHEMBL65207,COc1ccc(S(=O)(=O)N[C@H](CCCNC(=O)Nc2ccccc2Cl)C(=O)NO)cc1,92,inactive,470.935,2.1028,5,6,92,7.036212173
CHEMBL418674,COc1cc(C)c(S(=O)(=O)N[C@H](CCCNC(=O)N[C@H](C)c2ccccc2)C(=O)NO)c(C)c1,23000,active,492.598,2.30494,5,6,23000,4.638272164
CHEMBL21073,COc1ccc(S(=O)(=O)N(Cc2ccc3c(c2)OCO3)[C@H](CCCNC(=O)OCc2ccccc2Br)C(=O)NO)cc1,24,active,664.531,3.9579,3,9,24,7.619788758
CHEMBL293010,COc1ccc(S(=O)(=O)N[C@H](CCCNC(=O)N[C@@H]2C[C@H]2c2ccccc2)C(=O)NO)cc1,170,active,476.555,1.483,5,6,170,6.769551079
CHEMBL63368,COc1ccc(S(=O)(=O)N[C@H](CCCNC(=O)CCc2ccccc2)C(=O)NO)cc1,970,inactive,449.529,1.3767,4,6,970,6.013228266
CHEMBL292267,C[C@@H](NC(=O)NCCC[C@@H](NS(=O)(=O)c1ccc(F)cc1Cl)C(=O)NO)c1ccccc1,61000,active,486.953,2.472,5,5,61000,4.214670165
CHEMBL63344,COc1ccc(S(=O)(=O)N[C@H](CCCNS(=O)(=O)c2ccccc2)C(=O)NO)cc1,3400,active,457.53,0.6062,4,7,3400,5.468521083
CHEMBL417030,C[C@@H](NC(=O)NCCC[C@@H](NS(=O)(=O)c1ccc(Cl)cc1)C(=O)NO)c1ccccc1,910,active,468.963,2.3329,5,5,910,6.040958608
CHEMBL65077,COc1ccc(S(=O)(=O)N[C@H](CCC/N=C(\S)NCc2ccccc2)C(=O)NO)cc1,990,active,466.585,1.7033,5,6,990,6.004364805
CHEMBL63685,COc1ccc(S(=O)(=O)N[C@@H](CCCNC(=O)NC2CC2c2ccccc2)C(=O)NO)cc1,290,active,476.555,1.483,5,6,290,6.537602002
CHEMBL430941,COc1ccc(S(=O)(=O)N[C@H](CCCNC(=O)NCCc2cccs2)C(=O)NO)cc1,78,active,470.573,1.2311,5,7,78,7.107905397
CHEMBL294783,COc1ccc(S(=O)(=O)N(Cc2ccc3c(c2)OCO3)[C@H](CCCNC(=O)NCc2cccc3ccccc23)C(=O)NO)cc1,120,active,634.711,3.9216,4,8,120,6.920818754
CHEMBL514138,COc1ccc(S(=O)(=O)N(Cc2cccnc2)[C@@H](C(=O)NO)C(C)C)cc1.Cl,3000,active,393.465,1.8111,2,6,3000,5.522878745
CHEMBL418011,COc1ccc(S(=O)(=O)N(CCn2cccc2)[C@H](Cc2cccs2)C(=O)NO)cc1,610,active,449.554,2.3658,2,7,610,6.214670165
CHEMBL21113,COc1ccc(S(=O)(=O)N(Cc2ccc(Cl)cc2Cl)[C@H](Cc2cccs2)C(=O)NO)cc1,860,active,515.44,4.3711,2,6,860,6.065501549
CHEMBL277910,CCN(CC)C(=N)NCCC[C@H](C(=O)O)N(Cc1ccc2c(c1)OCO2)S(=O)(=O)c1ccc(OC)cc1,28,active,534.635,2.71437,3,7,28,7.552841969
CHEMBL276952,COc1ccc(S(=O)(=O)N(Cc2cccc(I)c2)[C@H](C)C(=O)O)cc1,280,active,475.304,2.9638,1,4,280,6.552841969
CHEMBL279695,COc1ccc(S(=O)(=O)N(Cc2ccc(Br)cc2F)[C@H](C)C(=O)O)cc1,490,active,446.294,3.2608,1,4,490,6.30980392
CHEMBL280171,COc1ccc(S(=O)(=O)N(Cc2ccc3c(c2)OCO3)[C@H](Cc2ccco2)C(=O)O)cc1,470,active,459.476,2.9037,1,7,470,6.327902142
CHEMBL21387,COc1ccc(S(=O)(=O)N(Cc2ccc(F)c(F)c2)[C@H](C)C(=O)NO)cc1,76,active,400.403,2.0582,2,5,76,7.119186408
CHEMBL20787,COc1ccc(S(=O)(=O)N(Cc2ccccc2C(F)(F)F)[C@H](C)C(=O)NO)cc1,6,active,432.42,2.7988,2,5,6,8.22184875
CHEMBL283114,COc1ccc(S(=O)(=O)N(Cc2ccc(Br)cc2)[C@H](C)C(=O)NO)cc1,37,active,443.319,2.5425,2,5,37,7.431798276
CHEMBL20406,COc1ccc(S(=O)(=O)N(Cc2ccc(F)c(F)c2)[C@H](Cc2cccs2)C(=O)NO)cc1,80,active,482.53,3.3425,2,6,80,7.096910013
CHEMBL21249,COc1ccc(S(=O)(=O)N(Cc2ccc3c(c2)OCO3)[C@@H](C(=O)NO)C(=O)C(N)CNC(=O)OCC2c3ccccc3-c3ccccc32)cc1,0.024,active,702.742,2.9239,4,11,0.024,10.61978876
CHEMBL21237,COc1ccc(S(=O)(=O)N(Cc2ccc3c(c2)OCO3)[C@@H](C(=O)NO)C(=O)C(N)CNC(=O)OCc2ccccc2)cc1,14,active,614.633,1.3116,4,11,14,7.853871964
CHEMBL20653,COc1ccc(S(=O)(=O)N(Cc2ccc3c(c2)OCO3)[C@H](Cc2cncn2C(c2ccccc2)(c2ccccc2)c2ccccc2)C(=O)NO)cc1,36,active,716.816,5.7682,2,9,36,7.443697499
CHEMBL430335,COc1ccc(S(=O)(=O)N(Cc2cc(C(F)(F)F)cc(C(F)(F)F)c2)[C@H](Cc2cccs2)C(=O)NO)cc1,590,active,582.544,5.1019,2,6,590,6.229147988
CHEMBL20383,COc1ccc(S(=O)(=O)N(Cc2ccc3c(c2)OCO3)[C@H](Cc2ccc(Br)s2)C(=O)O)cc1,670,active,554.44,4.1347,1,7,670,6.173925197
CHEMBL20487,COc1ccc(S(=O)(=O)N(Cc2sccc2Oc2ccccc2)[C@H](C)C(=O)NO)cc1,40,active,462.549,3.6338,2,7,40,7.397940009
CHEMBL21067,COc1ccc(S(=O)(=O)N(Cc2sc3scc(C)c3c2C)[C@H](C)C(=O)NO)cc1,60,active,454.595,3.67304,2,7,60,7.22184875
CHEMBL418744,COc1ccc(S(=O)(=O)N(Cc2cccc(C)c2F)[C@H](Cc2cccs2)C(=O)NO)cc1,150,active,478.567,3.51182,2,6,150,6.823908741
CHEMBL280211,COc1ccc(S(=O)(=O)N(Cc2ccc3c(c2)OCO3)[C@H](Cc2ccncc2)C(=O)O)cc1,592,active,470.503,2.7057,1,7,592,6.227678293
CHEMBL276883,COc1ccc(S(=O)(=O)N(Cc2ccc3c(c2)OCO3)[C@@H](C(=O)NO)C(=O)C(N)CNC(=O)OCc2ccccc2Br)cc1,18,active,693.529,2.0741,4,11,18,7.744727495
CHEMBL282896,COc1ccc(S(=O)(=O)N(Cc2ccc3c(c2)OCO3)[C@H](Cc2cccs2)C(=O)NO)cc1,0.2,active,490.559,2.793,2,8,0.2,9.698970004
CHEMBL21559,COc1ccc(S(=O)(=O)N(Cc2ccc(Br)cc2)[C@H](Cc2cccs2)C(=O)NO)cc1,70,active,525.446,3.8268,2,6,70,7.15490196
CHEMBL279655,C#CC[C@H](C(=O)O)N(Cc1ccc2c(c1)OCO2)S(=O)(=O)c1ccc(OC)cc1,10,active,417.439,2.0913,1,6,10,8
CHEMBL21235,CCCCN(C)C(=N)NCCCC[C@H](C(=O)O)N(Cc1ccc2c(c1)OCO2)S(=O)(=O)c1ccc(OC)cc1,200,active,562.689,3.49457,3,7,200,6.698970004
CHEMBL280337,COc1ccc(S(=O)(=O)N(Cc2ccc3c(c2)OCO3)[C@H](COC(C)(C)C)C(=O)NO)cc1,23,active,480.539,2.3039,2,8,23,7.638272164
CHEMBL20484,COc1ccc(S(=O)(=O)N(Cc2ccc3c(c2)OCO3)[C@H](Cc2ccc([N+](=O)[O-])cc2)C(=O)NO)cc1,32,active,529.527,2.6397,2,9,32,7.494850022
CHEMBL21593,COc1ccc(S(=O)(=O)N(Cc2ccc3c(c2)OCO3)[C@@H](C(=O)O)C2CCN(C(=O)OC(C)(C)C)CC2)cc1,26,active,562.641,3.7151,1,8,26,7.585026652
CHEMBL281582,COc1ccc(S(=O)(=O)N(Cc2ccc3c(c2)OCO3)[C@H](CCCCNC(=O)OCc2ccccc2)C(=O)NO)cc1,16,active,599.662,3.5855,3,9,16,7.795880017
CHEMBL284023,COc1ccc(S(=O)(=O)N(Cc2cccc(C)c2[N+](=O)[O-])[C@H](C)C(=O)O)cc1,380,active,408.432,2.57582,1,6,380,6.420216403
CHEMBL21543,COc1ccc(S(=O)(=O)N(Cc2cccc3ccccc23)[C@H](C)C(=O)NO)cc1,90,active,414.483,2.9332,2,5,90,7.045757491
CHEMBL277173,COc1ccc(S(=O)(=O)N(Cc2cccc(Br)c2)[C@H](C)C(=O)NO)cc1,93,active,443.319,2.5425,2,5,93,7.031517051
CHEMBL20882,C=Cc1ccc(CN([C@H](Cc2cccs2)C(=O)NO)S(=O)(=O)c2ccc(OC)cc2)cc1,190,active,472.588,3.7073,2,6,190,6.721246399
CHEMBL21132,COc1ccc(S(=O)(=O)N(Cc2cccc(F)c2F)[C@H](Cc2cccs2)C(=O)NO)cc1,100,active,482.53,3.3425,2,6,100,7
CHEMBL21160,COc1ccc(S(=O)(=O)N(Cc2ccc(-c3cnns3)cc2)[C@H](Cc2cccs2)C(=O)NO)cc1,440,active,530.653,3.5828,2,9,440,6.356547324
CHEMBL282484,COc1ccc(S(=O)(=O)N(Cc2ccc3c(c2)OCO3)[C@@H](C(=O)NO)C(=O)C(N)CNC(=O)OCc2ccccc2Cl)cc1,4.6,active,649.078,1.965,4,11,4.6,8.337242168
CHEMBL418009,COc1ccc(S(=O)(=O)N(Cc2cnc(Cl)s2)[C@H](C)C(=O)NO)cc1,180,active,405.885,1.8899,2,7,180,6.744727495
CHEMBL279004,COc1ccc(S(=O)(=O)N(Cc2ccc(I)cc2)[C@H](Cc2cccs2)C(=O)NO)cc1,360,active,572.446,3.6689,2,6,360,6.443697499
CHEMBL21660,COc1ccc(S(=O)(=O)N(Cc2cccc(Cl)c2)[C@H](Cc2cccs2)C(=O)NO)cc1,390,active,480.995,3.7177,2,6,390,6.408935393
CHEMBL281165,C=CCOc1ccc2ccc(CN([C@H](C)C(=O)NO)S(=O)(=O)c3ccc(OC)cc3)cc2c1,130,active,470.547,3.498,2,6,130,6.886056648
CHEMBL277469,COc1ccc(S(=O)(=O)N(Cc2ccc3c(c2)OCO3)[C@H](Cc2cncn2Cc2ccccc2)C(=O)NO)cc1,27,active,564.62,2.9763,2,9,27,7.568636236
CHEMBL21163,COc1ccc(S(=O)(=O)N(Cc2ccc3c(c2)OCO3)[C@H](CCCNC(=O)OC(C)(C)C)C(=O)NO)cc1,52,active,551.618,2.7937,3,9,52,7.283996656
CHEMBL279521,COC(=O)c1ccc(CN([C@H](Cc2cccs2)C(=O)O)S(=O)(=O)c2ccc(OC)cc2)cc1,210,active,489.571,3.4301,1,7,210,6.677780705
CHEMBL283329,COc1ccc(CSC[C@H](C(=O)O)N(Cc2ccc3c(c2)OCO3)S(=O)(=O)c2ccc(OC)cc2)cc1,250,active,545.635,4.01,1,8,250,6.602059991
CHEMBL21492,COc1ccc(S(=O)(=O)N(Cc2ccc3c(c2)OCO3)[C@@H](C(=O)NO)C(C)C)cc1,53,active,436.486,2.1448,2,7,53,7.27572413
CHEMBL279723,COc1ccc(S(=O)(=O)N(Cc2ccc(C(C)C)cc2)[C@H](C)C(=O)O)cc1,350,active,391.489,3.4826,1,4,350,6.455931956
CHEMBL280116,COc1ccc(S(=O)(=O)N(Cc2ccc(Cl)c([N+](=O)[O-])c2)[C@H](C)C(=O)NO)cc1,30,inactive,443.865,2.3416,2,7,30,7.522878745
CHEMBL117225,Cc1cc(CCC[C@H](CC(=O)NO)C(=O)N[C@H](C(=O)N[C@H](C)c2ccccc2)C(C)(C)C)ccc1-c1ccccc1,52000,active,557.735,5.90472,4,4,52000,4.283996656
CHEMBL84212,CC[C@H](C)[C@@H](NC(=O)OCc1ccccc1)C(=O)N[C@H](Cc1c[nH]c2ccccc12)C(=O)NO,730,active,466.538,3.0417,5,5,730,6.13667714
CHEMBL83631,CC[C@@H](C)[C@@H](NS(=O)(=O)c1cc(Cl)ccc1Cl)C(=O)N[C@H](Cc1cscn1)C(=O)NO,29,inactive,509.437,2.3758,4,7,29,7.537602002
CHEMBL311264,CC(=O)N[C@@H](Cc1ccc(O)cc1)C(=O)NCC(=O)NO,280000,inactive,295.295,-0.939,5,5,280000,3.552841969
CHEMBL81890,CC(=O)N[C@@H](CCCN=C(N)N)C(=O)N[C@@H](C)C(=O)NO,800000,inactive,302.335,-2.4452,6,5,800000,3.096910013
CHEMBL278678,O=C(NC(Cc1c[nH]c2ccccc12)C(=O)NO)OCc1ccccc1,67000,active,353.378,2.5108,4,4,67000,4.173925197
CHEMBL311222,CC[C@H](C)[C@H](NS(=O)(=O)c1cc(Cl)ccc1Cl)C(=O)N[C@@H](CNC(=O)OCc1ccccc1)C(=O)NO,65,inactive,575.471,2.603,5,7,65,7.187086643
CHEMBL310345,O=C(CCCNC(=O)OCc1ccccc1)N[C@@H](Cc1c[nH]c2ccccc12)C(=O)NO,19000,inactive,438.484,2.4072,5,5,19000,4.721246399
CHEMBL3142487,O=C(N[C@@H](Cc1ccccc1)C(=O)N[C@@H](Cc1c[nH]c2ccccc12)C(=O)NO)OCc1ccccc1,17000,active,500.555,3.2383,5,5,17000,4.769551079
CHEMBL314032,CC[C@@H](C)[C@@H](NCN(Cc1ccc(F)cc1)C(=O)c1ccc(Br)cc1)C(=O)N[C@H](Cc1cscn1)C(=O)NO,89,active,620.545,3.8818,4,7,89,7.050609993
CHEMBL83699,CC[C@H](C)[C@@H](Nc1cccc(C(F)(F)F)c1)C(=O)N[C@H](Cc1cc2ccccc2[nH]1)C(=O)NO,2800,active,476.499,4.2462,5,4,2800,5.552841969
CHEMBL84287,CC[C@@H](C)[C@@H](NC(=O)OCc1ccccc1)C(=O)NCC(NCc1ccccc1)C(=O)NO,94,inactive,456.543,2.1075,5,6,94,7.026872146
CHEMBL2369943,CC(=O)N[C@@H](Cc1ccc(O)cc1)C(=O)N[C@@H](Cc1ccc(O)cc1)C(=O)NCC(=O)NO,65000,inactive,458.471,-0.5059,7,7,65000,4.187086643
CHEMBL82748,CNC(=O)C1CCCN1C(=O)[C@H](CCC(N)=O)NC(=O)[C@H](CC(=O)O)CC(=O)NO,22000,inactive,429.43,-2.5399,6,7,22000,4.657577319
CHEMBL84178,CC[C@H](C)[C@@H](NC(=O)Nc1cc(Cl)cc(Cl)c1)C(=O)N[C@H](Cc1cc2ccccc2[nH]1)C(=O)NO,5100,inactive,520.417,4.2438,6,4,5100,5.292429824
CHEMBL431414,CC[C@H](C)[C@@H](Nc1cccc(Br)c1)C(=O)N[C@H](Cc1cc2ccccc2[nH]1)C(=O)NO,15000,active,487.398,3.9899,5,4,15000,4.823908741
CHEMBL81901,CC[C@@H](C)[C@@H](NC(=O)OCc1ccccc1)C(=O)NCC(NC(=O)OCc1ccccc1)C(=O)NO,61,active,500.552,2.2441,5,7,61,7.214670165
CHEMBL314390,CC[C@@H](C)[C@H](NC(=O)C(Cc1c[nH]c2ccccc12)NC(=O)OCc1ccccc1)C(=O)N[C@@H](Cc1cscn1)C(=O)NO,67,active,620.732,3.2257,6,8,67,7.173925197
CHEMBL313625,CCCC(NC(=O)OCc1ccccc1)C(=O)N[C@H](Cc1c[nH]c2ccccc12)C(=O)NO,870,inactive,452.511,2.7957,5,5,870,6.060480747
CHEMBL83145,O=C(N[C@H](Cc1ccc(O)cc1)C(=O)N[C@@H](Cc1c[nH]c2ccccc12)C(=O)NO)OCc1ccccc1,20000,active,516.554,2.9439,6,6,20000,4.698970004
CHEMBL86076,CC[C@@H](C)[C@H](NC(=O)C(Cc1ccccc1)NC(=O)OCc1ccccc1)C(=O)N[C@@H](Cc1cscn1)C(=O)NO,44,inactive,581.695,2.7444,5,8,44,7.356547324
CHEMBL309468,CNC(=O)[C@H](CCC(N)=O)NC(=O)[C@H](CC(=O)O)CC(=O)NO,68000,active,332.313,-2.5309,6,6,68000,4.167491087
CHEMBL84324,CC[C@H](C)[C@@H](Nc1ccc(Cl)c(Cl)c1)C(=O)N[C@H](Cc1cc2ccccc2[nH]1)C(=O)NO,750,active,477.392,4.5342,5,4,750,6.124938737
CHEMBL315775,CC[C@@H](C)[C@@H](NC(=O)OCc1ccc(Cl)c(Cl)c1)C(=O)N[C@H](Cc1cscn1)C(=O)NO,73,active,503.408,3.3237,4,7,73,7.13667714
CHEMBL312424,CC(C)C(NC(=O)OCc1ccccc1)C(=O)N[C@H](Cc1c[nH]c2ccccc12)C(=O)NO,1900,active,452.511,2.6516,5,5,1900,5.721246399
CHEMBL226641,O=C(C[C@@H](CCCC1CCCCC1)c1nc(-c2ccccc2)no1)NO,116,active,357.454,4.4663,2,5,116,6.935542011
CHEMBL226942,O=C(C[C@@H](CCCC1CCCCC1)c1nc(C(=O)NS(=O)(=O)c2ccc(F)cc2)no1)NO,33,active,482.534,3.0571,3,8,33,7.48148606
CHEMBL389491,COc1ccc(S(=O)(=O)NC(=O)c2noc([C@H](CCCC3CCCCC3)CC(=O)NO)n2)cc1OC,1.8,active,524.596,2.9352,3,10,1.8,8.744727495
CHEMBL226890,COc1ccc(S(=O)(=O)NC(=O)c2noc([C@H](CCCC3CCCCC3)CC(=O)NO)n2)cc1,17,active,494.57,2.9266,3,9,17,7.769551079
CHEMBL439012,O=C(C[C@@H](CCCC1CCCCC1)c1nc(C(=O)NS(=O)(=O)c2ccccc2)no1)NO,7,active,464.544,2.918,3,8,7,8.15490196
CHEMBL226840,CS(=O)(=O)N1CCC(NCc2noc([C@H](CCCC3CCCCC3)CC(=O)NO)n2)CC1,3,active,471.624,2.3129,3,8,3,8.522878745
CHEMBL427430,CS(=O)(=O)NCCNCc1noc([C@H](CCCC2CCCCC2)CC(=O)NO)n1,20,active,431.559,1.4381,4,8,20,7.698970004
CHEMBL227153,O=C(C[C@@H](CCCC1CCCCC1)c1nc(CN2CCCS2(=O)=O)no1)NO,15,active,414.528,2.3348,2,7,15,7.823908741
CHEMBL387487,O=C(C[C@@H](CCCC1CCCCC1)c1nc(CNS(=O)(=O)c2cn[nH]c2)no1)NO,88,active,440.526,2.0009,4,8,88,7.055517328
CHEMBL227102,O=C(C[C@@H](CCCC1CCCCC1)c1nc(CNS(=O)(=O)c2ccccn2)no1)NO,107,active,451.549,2.6728,3,8,107,6.970616222
CHEMBL427289,CC(C)S(=O)(=O)NCc1noc([C@H](CCCC2CCCCC2)CC(=O)NO)n1,21,active,416.544,2.6271,3,7,21,7.677780705
CHEMBL389020,CS(=O)(=O)NCc1noc([C@H](CCCC2CCCCC2)CC(=O)NO)n1,11,active,388.49,1.8485,3,7,11,7.958607315
CHEMBL226778,NC(=O)NCc1noc([C@H](CCCC2CCCCC2)CC(=O)NO)n1,324,active,353.423,1.9676,4,6,324,6.48945499
CHEMBL390930,CC(=O)NCc1noc([C@H](CCCC2CCCCC2)CC(=O)NO)n1,19,active,352.435,2.4354,3,6,19,7.721246399
CHEMBL390931,O=C(C[C@@H](CCCC1CCCCC1)c1nc(CN2CCC(O)CC2)no1)NO,13,active,394.516,2.756,3,7,13,7.886056648
CHEMBL226725,O=C(C[C@@H](CCCC1CCCCC1)c1nc(CN2CCOCC2)no1)NO,5,active,380.489,2.6315,2,7,5,8.301029996
CHEMBL229867,CN(C)Cc1noc([C@H](CCCC2CCCCC2)CC(=O)NO)n1,31,active,338.452,2.8609,2,6,31,7.508638306
CHEMBL229866,CC(C)(CO)NCc1noc([C@H](CCCC2CCCCC2)CC(=O)NO)n1,8,active,382.505,2.6598,4,7,8,8.096910013
CHEMBL229325,NCc1noc([C@H](CCCC2CCCCC2)CC(=O)NO)n1,122,active,310.398,2.258,3,6,122,6.913640169
CHEMBL226904,O=C(C[C@@H](CCCC1CCCCC1)c1nc(-c2ccc(C(=O)O)nc2)no1)NO,59,active,402.451,3.5595,3,7,59,7.229147988
CHEMBL375963,O=C(C[C@@H](CCCC1CCCCC1)c1nc(-c2ccco2)no1)NO,46,active,347.415,4.0593,2,6,46,7.337242168
CHEMBL226851,O=C(C[C@@H](CCCC1CCCCC1)c1nc(-c2cn[nH]c2)no1)NO,39,active,347.419,3.1894,3,6,39,7.408935393
CHEMBL226801,O=C(C[C@@H](CCCC1CCCCC1)c1nc(-c2cc[nH]n2)no1)NO,74,active,347.419,3.1894,3,6,74,7.13076828
CHEMBL226748,O=C(C[C@@H](CCCC1CCCCC1)c1nc(-c2ccncc2)no1)NO,2,active,358.442,3.8613,2,6,2,8.698970004
CHEMBL226747,O=C(C[C@@H](CCCC1CCCCC1)c1nc(-c2ccccn2)no1)NO,25,active,358.442,3.8613,2,6,25,7.602059991
CHEMBL437924,CCOC(=O)c1cccc(-c2noc([C@H](CCCC3CCCCC3)CC(=O)NO)n2)c1,184,active,429.517,4.643,2,7,184,6.735182177
CHEMBL226696,CNS(=O)(=O)c1ccc(-c2noc([C@H](CCCC3CCCCC3)CC(=O)NO)n2)cc1,75,active,450.561,3.3744,3,7,75,7.124938737
CHEMBL229375,CCOC(=O)c1noc([C@H](CCCc2ccccc2)CC(=O)NO)n1,6600,active,347.371,2.2483,2,7,6600,5.180456064
CHEMBL154551,C[C@@H](NC(=O)[C@@H](NC(=O)[C@H](CCCc1ccccc1)CC(=O)NO)C(C)(C)C)c1ccccc1,8765,active,467.61,3.9293,4,4,8765,5.05724808
CHEMBL226686,CN(C)C(=O)c1noc([C@H](CCCC2CCCCC2)CC(=O)NO)n1,9.3,active,352.435,2.5011,2,6,9.3,8.031517051
CHEMBL521443,CN1CCN(CN(C)C(=O)c2noc([C@H](CCCC3CCCCC3)CC(=O)NO)n2)CC1,54,active,450.584,2.0762,2,8,54,7.26760624
CHEMBL521410,NC(=O)c1noc([C@@H](CCCC2CCCCC2)CC(=O)NO)n1,2000,active,324.381,1.8982,3,6,2000,5.698970004
CHEMBL2204087,COc1ccc(CCN(CCC(=O)NO)S(=O)(=O)c2ccc(NC(=O)NCc3ccccc3)cc2)cc1,1000,active,526.615,3.1458,4,6,1000,6
CHEMBL2204086,COc1ccc(CCN(CCC(=O)NO)S(=O)(=O)c2ccc(NC(=O)Nc3ccc(Cl)cc3)cc2)cc1,300,active,547.033,4.1215,4,6,300,6.522878745
CHEMBL2204084,COc1ccc(CCN(CCC(=O)NO)S(=O)(=O)c2ccc(NC(=O)N(c3ccccc3)c3ccccc3)cc2)cc1,780,active,588.686,5.1943,3,6,780,6.107905397
CHEMBL2204814,COc1ccc(CCN(CCS)S(=O)(=O)c2ccc(S(C)(=O)=O)cc2)cc1,9400,inactive,429.585,2.2619,1,6,9400,5.026872146
CHEMBL2204813,COc1ccc(CCN(CCCS)S(=O)(=O)c2ccc(S(C)(=O)=O)cc2)cc1,14000,inactive,443.612,2.652,1,6,14000,4.853871964
CHEMBL2204812,COc1ccc(CCN(CCN(O)C(N)=O)S(=O)(=O)c2ccc(S(C)(=O)=O)cc2)cc1,100000,inactive,471.557,1.102,2,7,100000,4
CHEMBL2204808,COc1ccc(CCN(CCC(=O)NO)S(=O)(=O)c2ccccc2S(C)(=O)=O)cc1,9100,active,456.542,1.2276,2,7,9100,5.040958608
CHEMBL2204804,COc1ccc(CCN(CCC(=O)NO)S(=O)(=O)c2ccccc2/C(N)=N\O)cc1,7100,active,436.49,0.9186,4,7,7100,5.148741651
CHEMBL2204799,O=C(CCN(CCc1ccccc1)S(=O)(=O)c1ccccc1)NO,2200,inactive,348.424,1.8155,2,4,2200,5.657577319
CHEMBL2204091,CCCCS(=O)(=O)N(CCC(=O)NO)CCc1ccc(OC)cc1,6700,inactive,358.46,1.5651,2,5,6700,5.173925197
CHEMBL2204090,COc1ccc(S(=O)(=O)NCCC(=O)NO)cc1,166000,inactive,274.298,-0.131,3,5,166000,3.779891912
CHEMBL2203295,COc1ccc(S(=O)(=O)N(CCC(=O)NO)CCc2ccc(OC)c(OC)c2)cc1,42000,inactive,438.502,1.8413,2,7,42000,4.37675071
CHEMBL2204834,COc1ccc(S(=O)(=O)N(CCC(=O)NO)CCc2ccccn2)cc1,8100,inactive,379.438,1.2191,2,6,8100,5.091514981
CHEMBL2204831,COc1ccc(S(=O)(=O)N(CCC(=O)NO)CCN2CCOCC2)cc1,81000,inactive,387.458,-0.0864,2,7,81000,4.091514981
CHEMBL2204830,COc1ccc(S(=O)(=O)N(CC(=O)NO)C(c2ccccc2)c2ccccc2)cc1,102000,inactive,426.494,2.9809,2,5,102000,3.991399828
CHEMBL82783,COc1ccc(CN(CC(=O)NO)S(=O)(=O)c2ccc(OC)cc2)cc1,29000,inactive,380.422,1.4001,2,6,29000,4.537602002
CHEMBL2204827,COc1ccc(N(CC(=O)NO)S(=O)(=O)c2ccc(OC)cc2)cc1,73000,inactive,366.395,1.4045,2,6,73000,4.13667714
CHEMBL2204826,CCCCOC(=O)CN(CC(=O)NO)S(=O)(=O)c1ccc(OC)cc1,167000,inactive,374.415,0.5346,2,7,167000,3.777283529
CHEMBL2204825,COc1ccc(S(=O)(=O)N(CC(=O)NO)Cc2ccc(F)cc2)cc1,34000,inactive,368.386,1.5306,2,5,34000,4.468521083
CHEMBL2204823,COc1ccc(S(=O)(=O)N(CCCC(=O)NO)CCc2ccccc2)cc1,4900,inactive,392.477,2.2142,2,5,4900,5.30980392
CHEMBL2204822,COc1ccc(S(=O)(=O)N(CCCC(=O)NO)Cc2ccccc2)cc1,10000,inactive,378.45,2.1717,2,5,10000,5
CHEMBL2204821,COc1ccc(S(=O)(=O)N(CCCC(=O)NO)c2ccccc2)cc1,28000,active,364.423,2.1761,2,5,28000,4.552841969
CHEMBL2204820,COc1ccc(S(=O)(=O)N(CCC(=O)NO)CCc2ccccc2)cc1,900,inactive,378.45,1.8241,2,5,900,6.045757491
CHEMBL2204847,COc1ccc(S(=O)(=O)N(CC(=O)NO)c2ccccc2)cc1,69000,inactive,336.369,1.3959,2,5,69000,4.161150909
CHEMBL82868,COc1ccc(S(=O)(=O)N(CC(=O)NO)Cc2ccccc2)cc1,16000,inactive,350.396,1.3915,2,5,16000,4.795880017
CHEMBL515083,COc1ccc(S(=O)(=O)N(CC(=O)O)CC(=O)NO)cc1,345000,inactive,318.307,-0.7241,3,6,345000,3.462180905
CHEMBL2204843,CNC(=O)[C@H](CCC(=O)O)NC(=O)C(CS)CC(=O)O,85000,inactive,306.34,-0.8973,5,5,85000,4.070581074
CHEMBL2204842,CNC(=O)[C@H](CCC(=O)O)NC(=O)[C@H](CC(=O)O)NCC(=O)O,1500000,inactive,333.297,-2.4005,6,6,1500000,2.823908741
CHEMBL4215581,COc1cccc2cc(C(=O)NCNC(=O)CCN(O)C=O)oc12,6300,active,335.316,0.4826,3,6,6300,5.200659451
CHEMBL4206785,CCCCC[C@@H](C(=O)NCNC(=O)c1cc2cccc(OC)c2o1)[C@@H](CC)N(O)C=O,126,active,433.505,3.0676,3,6,126,6.899629455
CHEMBL4211285,CCC[C@H](CN(O)C=O)C(=O)NCNC(=O)c1cc2cccc(OC)c2o1,1250,active,377.397,1.5088,3,6,1250,5.903089987
CHEMBL4435817,CCCCC[C@@H](C(=O)NCNC(=O)c1ccc(-c2ccc(C(=O)N[C@@H](CC(=O)O)C(=O)O)c(OCC)c2)o1)[C@@H](CC)N(C=O)OC(=O)C(C)(C)C,125.89,active,716.785,3.7443,5,10,125.89,6.900008766
CHEMBL4472780,CCCCC[C@@H](C(=O)NCNC(=O)c1ccc(-c2ccc(C(=O)OCC)cc2)o1)[C@@H](CC)N(O)C=O,316.23,active,501.58,3.7495,3,7,316.23,6.499996932
CHEMBL4473483,CCCCC[C@@H](C(=O)NCNC(=O)c1ccc(-c2ccc(C(=O)N[C@@H](CC(=O)O)C(=O)O)c(OCC)c2)o1)[C@@H](CC)N(C=O)OC(=O)c1ccccc1,199.53,active,736.775,4.012,5,10,199.53,6.699991797
CHEMBL4570835,CCCCC[C@@H](C(=O)NCNC(=O)c1cccc(-c2cc(OCC)cc(C(=O)O)c2)n1)[C@@H](CC)N(O)C=O,251.19,,528.606,3.4717,4,7,251.19,6.599997654
